issuer_code,fund_name
0000D,미래에셋 TIGER NVDA-UST커버드콜증권상장지수투자신탁(채권혼합-파생재간접형)(합성)
0000H,삼성 KODEX 인도Nifty미드캡100증권상장지수투자신탁[주식-파생형]
0000J,한화 PLUS 한화그룹주증권상장지수투자신탁(주식)
0000Y,흥국 HK 26-12 회사채(AA-이상)액티브증권상장지수투자신탁[채권]
0000Z,KB RISE 바이오TOP10액티브증권상장지수투자신탁(주식)
0001P,DB 마이티 바이오시밀러&CDMO액티브증권상장지수투자신탁[주식]
0001S,미래에셋 TIGER 26-04 회사채(A+이상)액티브증권상장지수투자신탁(채권)
0002C,에셋플러스 에셋플러스 인도일등기업포커스20액티브증권상장지수투자신탁(주식)
0004G,하나 1Q 미국배당TOP30증권상장지수투자신탁(주식)
0005A,삼성 KODEX 미국S&P500데일리커버드콜OTM증권상장지수투자신탁[주식-파생형]
0005D,신한 SOL 전고체배터리&실리콘음극재증권상장지수투자신탁[주식]
0005G,IBK ITF K-AI반도체 코어테크 증권상장지수투자신탁[주식]
0007F,삼성 KODEX 27-12 회사채(AA-이상)액티브증권상장지수투자신탁[채권]
0007G,한화 PLUS 글로벌원자력밸류체인증권상장지수투자신탁(주식)
0007N,iM에셋 아이엠에셋 200증권상장지수투자신탁(주식)
0008E,한국투자 ACE 미국중심중소형제조업증권상장지수투자신탁(주식)
0008S,미래에셋 TIGER 미국배당다우존스타겟데일리커버드콜증권상장지수투자신탁(주식)
0008T,신한 SOL 화장품TOP3플러스증권상장지수투자신탁[주식]
0010E,한국투자 ACE FTSE WGBI Korea증권상장지수투자신탁(채권)
0013P,KB RISE 미국은행TOP10증권상장지수투자신탁(주식)
0013R,KB RISE TSLA-UST타겟커버드콜증권상장지수투자신탁(채권혼합-파생재간접형)(합성)
0015B,삼성액티브 KoAct 미국나스닥성장기업액티브증권상장지수투자신탁[주식]
0015E,키움 KIWOOM 엔비디아미국30년국채혼합액티브증권상장지수투자신탁[채권혼합](H)
0015F,키움 KIWOOM 팔란티어미국30년국채혼합액티브증권상장지수투자신탁[채권혼합](H)
0015K,미래에셋 TIGER 미국소비트렌드액티브증권상장지수투자신탁(주식)
0016X,신한 SOL 중단기회사채(A-이상)액티브증권상장지수투자신탁[채권]
0017Y,하나 1Q 종합채권(AA-이상)액티브증권상장지수투자신탁[채권]
0018C,한화 PLUS 고배당주위클리고정커버드콜증권상장지수투자신탁(주식-파생형)
0018Z,KB RISE 미국양자컴퓨팅증권상장지수투자신탁(주식)
0019K,타임폴리오 TIME 미국나스닥100채권혼합50액티브증권상장지수투자신탁(채권혼합)
0020H,삼성액티브 KoAct 글로벌양자컴퓨팅액티브증권상장지수투자신탁[주식]
0021C,한국투자 ACE TDF장기자산배분액티브증권상장지수투자신탁(주식혼합-재간접형)
0021D,한국투자 ACE 적격TDF2030액티브증권상장지수투자신탁(주식혼합-재간접형)
0021E,한국투자 ACE 적격TDF2050액티브증권상장지수투자신탁(주식혼합-재간접형)
0022T,신한 SOL 국제금커버드콜액티브특별자산상장지수투자신탁[금-파생재간접형]
0023A,신한 SOL 미국양자컴퓨팅TOP10증권상장지수투자신탁[주식]
0023B,한화 PLUS 미국양자컴퓨팅TOP10증권상장지수투자신탁(주식)
0025N,미래에셋 TIGER 적격TDF2045증권상장지수투자신탁(주식혼합)
0026E,삼성 KODEX 미국S&P500버퍼3월액티브증권상장지수투자신탁[주식-파생형]
0026S,하나 1Q 미국S&P500증권상장지수투자신탁(주식)
0028X,삼성 KODEX 미국금융테크액티브증권상장지수투자신탁[주식]
0035T,한화 PLUS 글로벌휴머노이드로봇액티브증권상장지수투자신탁(주식)
0036D,타임폴리오 TIME 미국배당다우존스액티브증권상장지수투자신탁(주식)
0036R,KB RISE 미국휴머노이드로봇증권상장지수투자신탁(주식)
0036Z,KB RISE 미국천연가스밸류체인증권상장지수투자신탁(주식)
0038A,삼성 KODEX 미국휴머노이드로봇증권상장지수투자신탁[주식]
0040S,NH-Amundi HANARO 글로벌피지컬AI액티브증권상장지수투자신탁(주식)
0040X,신한 SOL 팔란티어미국채커버드콜혼합증권상장지수투자신탁[채권혼합-파생재간접형]
0040Y,신한 SOL 팔란티어커버드콜OTM채권혼합증권상장지수투자신탁[채권혼합-파생형]
0041D,삼성 KODEX 미국AI소프트웨어TOP10증권상장지수투자신탁[주식]
0041E,삼성 KODEX 미국S&P500액티브증권상장지수투자신탁[주식]
0043B,미래에셋 TIGER 머니마켓액티브증권상장지수투자신탁(채권)
0043Y,타임폴리오 TIME 차이나AI테크액티브증권상장지수투자신탁(주식)
0046A,미래에셋 TIGER 미국초단기(3개월이하)국채증권상장지수투자신탁(채권-재간접형)
0046Y,한국투자 ACE 미국배당퀄리티증권상장지수투자신탁(주식)
0047A,미래에셋 TIGER 차이나테크TOP10증권상장지수투자신탁(주식)
0047N,한화 PLUS 차이나AI테크TOP10증권상장지수투자신탁(주식)
0047P,KB RISE 테슬라고정테크100증권상장지수투자신탁(주식)
0047R,KB RISE 팔란티어고정테크100증권상장지수투자신탁(주식)
0048J,삼성 KODEX 미국머니마켓액티브증권상장지수투자신탁[채권]
0048K,삼성 KODEX 차이나휴머노이드로봇증권상장지수투자신탁[주식]
0049K,한국투자 ACE 미국배당퀄리티채권혼합50증권상장지수투자신탁(채권혼합)
0049M,한국투자 ACE 미국배당퀄리티+커버드콜액티브증권상장지수투자신탁(주식-재간접형)
0050E,한화 PLUS 미국AI에이전트증권상장지수투자신탁(주식)
0051A,삼성액티브 KoAct 브로드컴밸류체인액티브증권상장지수투자신탁[주식]
0051G,신한 SOL 미국원자력SMR증권상장지수투자신탁[주식]
0052D,미래에셋 TIGER 코리아배당다우존스증권상장지수투자신탁(주식)
0052S,하나 1Q 미국S&P500미국채혼합50액티브증권상장지수투자신탁(채권혼합)
0052T,하나 1Q 중단기회사채(A-이상)액티브증권상장지수투자신탁(채권)
0053L,미래에셋 TIGER 차이나휴머노이드로봇증권상장지수투자신탁(주식)
0053M,더제이 더제이 중소형포커스액티브증권상장지수투자신탁[주식]
0057H,한화 PLUS 미국S&P500미국채혼합50액티브증권상장지수투자신탁(채권혼합-재간접형)
0060H,미래에셋 TIGER 토탈월드스탁액티브증권상장지수투자신탁(주식)
0061Z,KB RISE 단기특수은행채액티브증권상장지수투자신탁(채권)
0064K,삼성 KODEX 금액티브특별자산상장지수투자신탁[금-파생재간접형]
0065G,삼성 KODEX 차이나테크TOP10증권상장지수투자신탁[주식]
0066W,신한 SOL 국제금특별자산상장지수투자신탁[금-재간접형]
0067V,미래에셋 TIGER 차이나글로벌리더스TOP3+증권상장지수투자신탁(주식)
0067Y,미래에셋 TIGER 차이나AI소프트웨어증권상장지수투자신탁(주식)
0068M,삼성 KODEX 미국S&P500버퍼6월액티브증권상장지수투자신탁[주식-파생형]
0069M,하나 1Q 미국나스닥100증권상장지수투자신탁(주식)
0072R,미래에셋 TIGER KRX금현물특별자산상장지수투자신탁(금)
0073X,브이아이 FOCUS BABA-UST커버드콜혼합증권상장지수투자신탁[채권혼합-파생재간접형]
0074K,삼성액티브 KoAct K수출핵심기업TOP30액티브증권상장지수투자신탁[주식]
0078V,한화 PLUS 미국로보택시증권상장지수투자신탁(주식)
0079X,한국투자 ACE BYD밸류체인액티브증권상장지수투자신탁(주식)
0080G,삼성 KODEX 방산TOP10증권상장지수투자신탁[주식]
0080X,신한 SOL 미국S&P500미국채혼합50증권상장지수투자신탁[채권혼합]
0080Y,신한 SOL 조선TOP3플러스레버리지증권상장지수투자신탁[주식-파생형]
0082F,NH-Amundi HANARO 유럽방산증권상장지수투자신탁(주식)
0082V,삼성 KODEX 적격 TDF2060액티브증권상장지수투자신탁[주식혼합-재간접형]
0083S,하나 1Q 미국메디컬AI증권상장지수투자신탁(주식)
0084D,키움 KIWOOM US테크100월간목표헤지액티브증권상장지수투자신탁[혼합-파생재간접형]
0084E,키움 KIWOOM US대형500월간목표헤지액티브증권상장지수투자신탁[혼합-파생재간접형]
0085N,한국투자 ACE 미국10년국채액티브증권상장지수투자신탁(채권)(H)
0085P,한국투자 ACE 미국10년국채액티브증권상장지수투자신탁(채권)
0086B,미래에셋 TIGER 리츠부동산인프라TOP10액티브부동산상장지수투자신탁(재간접형)
0086C,미래에셋 TIGER 리츠인프라10채권액티브증권상장지수투자신탁(채권혼합-재간접형)
0087F,한국투자 ACE 차이나AI빅테크TOP2+액티브증권상장지수투자신탁(주식)
0088N,우리 WON K-글로벌수급상위증권상장지수투자신탁(주식)
0089B,한화 PLUS 미국나스닥100미국채혼합50증권상장지수투자신탁(채권혼합)
0089C,삼성 KODEX 미국S&P500변동성확대시커버드콜증권상장지수투자신탁[주식-파생형]
0089D,삼성 KODEX 금융고배당TOP10증권상장지수투자신탁[주식]
0090B,한화 PLUS K방산소부장증권상장지수투자신탁(주식)
0091C,삼성 KODEX 미국10년국채액티브증권상장지수투자신탁[채권-재간접형](H)
0091M,NH-Amundi HANARO 27-06 회사채(AA-이상)액티브증권상장지수투자신탁(채권)
0091P,미래에셋 TIGER 코리아원자력증권상장지수투자신탁(주식)
0092B,신한 SOL 한국원자력SMR증권상장지수투자신탁[주식]
0092C,신한 SOL 27-12 회사채(AA-이상)액티브증권상장지수투자신탁[채권]
0093A,KB RISE AI반도체TOP10증권상장지수투자신탁(주식)
0093B,KB RISE 엔비디아고정테크100증권상장지수투자신탁(주식)
0093D,삼성액티브 KoAct 팔란티어밸류체인액티브증권상장지수투자신탁[주식]
0094K,미래에셋 TIGER 28-04 회사채(A+이상)액티브증권상장지수투자신탁(채권)
0094L,KB RISE 차이나테크TOP10위클리타겟커버드콜증권상장지수투자신탁(주식-파생형)
0094M,KB RISE 코리아밸류업위클리고정커버드콜증권상장지수투자신탁(주식-파생형)
0094X,하나 1Q 샤오미밸류체인액티브증권상장지수투자신탁(주식)
0097L,키움 KIWOOM 한국고배당&미국AI테크증권상장지수투자신탁[주식]
0098F,삼성 KODEX 원자력SMR증권상장지수투자신탁[주식]
0098N,한화 PLUS 자사주매입고배당주증권상장지수투자신탁(주식)
0098Z,브이아이 FOCUS 200 증권상장지수투자신탁[주식]
0099L,한국투자 ACE 우량회사채(AA-이상)액티브증권상장지수투자신탁(채권)
0100K,삼성 KODEX 방산TOP10레버리지증권상장지수투자신탁[주식-파생형]
0101N,KB RISE AI전력인프라증권상장지수투자신탁(주식)
0102A,미래에셋 TIGER 미국AI소프트웨어TOP4Plus증권상장지수투자신탁(주식)
0102X,한국투자 ACE 유럽방산TOP10증권상장지수투자신탁(주식)
0103T,하나 1Q K소버린AI증권상장지수투자신탁(주식)
0104G,한화 PLUS K방산레버리지증권상장지수투자신탁(주식-파생형)
0104H,삼성액티브 KoAct 미국나스닥채권혼합50액티브증권상장지수투자신탁[채권혼합]
0104N,미래에셋 TIGER 200타겟위클리커버드콜증권상장지수투자신탁(주식)
0104P,미래에셋 TIGER 코리아배당다우존스위클리커버드콜증권상장지수투자신탁(주식-파생형)
0105D,신한 SOL 한국AI소프트웨어증권상장지수투자신탁[주식]
0105E,신한 SOL 코리아고배당증권상장지수투자신탁[주식]
0107F,키움 KIWOOM 미국고배당&AI테크증권상장지수투자신탁[주식]
0111J,NH-Amundi HANARO 증권고배당TOP3플러스증권상장지수투자신탁[주식]
0111P,하나 1Q 미국나스닥100미국채혼합50액티브증권상장지수투자신탁(채권혼합)
0112X,DB 마이티 200 Total Return증권상장지수투자신탁[주식]
0113D,타임폴리오 TIME 글로벌탑픽액티브증권상장지수투자신탁(주식-재간접형)
0113G,삼성액티브 KoAct 미국바이오헬스케어액티브증권상장지수투자신탁[주식]
0113P,흥국 HK 머니마켓액티브증권상장지수투자신탁[채권]
0114X,KB RISE 글로벌게임테크TOP3Plus증권상장지수투자신탁(주식)
0115C,KB RISE 미국고배당다우존스TOP10증권상장지수투자신탁(주식)
0115D,삼성 KODEX 조선TOP10증권상장지수투자신탁[주식]
0115E,삼성 KODEX 코리아소버린AI증권상장지수투자신탁[주식]
0117L,삼성 KODEX 26-12 금융채(AA-이상)액티브증권상장지수투자신탁[채권]
0117V,미래에셋 TIGER 코리아AI전력기기TOP3플러스증권상장지수투자신탁(주식)
0118S,신한 SOL 미국넥스트테크TOP10액티브증권상장지수투자신탁[주식]
0118Z,한국투자 ACE 미국AI테크핵심산업액티브증권상장지수투자신탁(주식)
0119H,삼성 KODEX 28-12 회사채(AA-이상)액티브증권상장지수투자신탁[채권]
0120J,BNK BNK 카카오그룹포커스증권상장지수투자신탁(주식)
0122W,KB RISE 26-11 회사채(AA-이상)액티브증권상장지수투자신탁(채권)
0123G,미래에셋 TIGER 미국AI전력SMR증권상장지수투자신탁(주식)
0123S,NH-Amundi HANARO 26-12 은행채(AA+이상)액티브증권상장지수투자신탁(채권)
0127M,한국투자 ACE 미국대형가치주액티브증권상장지수투자신탁(주식)
0127P,한국투자 ACE 미국대형성장주액티브증권상장지수투자신탁(주식)
0127R,KB RISE 미국AI클라우드인프라증권상장지수투자신탁(주식)
0127T,키움 KIWOOM 미국S&P500&배당다우존스비중전환증권상장지수투자신탁[주식]
0127V,키움 KIWOOM 미국S&P500 TOP10&배당다우존스비중전환증권상장지수투자신탁[주식]
0128D,한화 PLUS 차이나항셍테크위클리타겟커버드콜증권상장지수투자신탁(주식-파생형)
0131A,신한 SOL 차이나소비트렌드증권상장지수투자신탁[주식]
0131V,하나 1Q 미국우주항공테크증권상장지수투자신탁(주식)
0131W,하나 1Q 단기특수은행채액티브증권상장지수투자신탁[채권]
0132D,삼성액티브 KoAct 글로벌K컬처밸류체인액티브증권상장지수투자신탁[주식]
0132H,삼성 KODEX 미국원자력SMR증권상장지수투자신탁[주식]
0132K,한화 PLUS 테슬라위클리커버드콜채권혼합증권상장지수투자신탁(채권혼합-파생형)
0133E,미래에셋 TIGER 차이나증권증권상장지수투자신탁(주식)
0135Y,IBK ITF 중기종합채권(AA-이상)액티브증권상장지수투자신탁[채권]
0137V,키움 KIWOOM 미국S&P500모멘텀증권상장지수투자신탁[주식]
0137W,키움 KIWOOM 미국S&P500&GOLD증권상장지수투자신탁[주식]
0138D,KB RISE 동학개미증권상장지수투자신탁(주식)
0138T,KB RISE 미국S&P500데일리고정커버드콜증권상장지수투자신탁(주식)
0138Y,한화 PLUS 금채권혼합증권상장지수투자신탁(채권혼합-재간접형)
0139F,미래에셋 TIGER 12월만기자동연장금융채(AA-이상)액티브증권상장지수투자신탁(채권)
0139P,한국투자 ACE 고배당주증권상장지수투자신탁(주식)
0141S,신한 SOL 조선기자재증권상장지수투자신탁[주식]
0141T,신한 SOL 중기종합채권(AA-이상)액티브증권상장지수투자신탁[채권]
0142D,미래에셋 TIGER 미국AI데이터센터TOP4Plus증권상장지수투자신탁(주식)
0144L,삼성 KODEX 미국성장커버드콜액티브증권상장지수투자신탁[주식-파생형]
0144M,삼성 KODEX 미국드론UAM TOP10증권상장지수투자신탁[주식]
0148J,미래에셋 TIGER 코리아휴머노이드로봇산업증권상장지수투자신탁(주식)
0150K,삼성액티브 KoAct 수소전력ESS인프라액티브증권상장지수투자신탁[주식]
0151P,KB RISE 코리아전략산업액티브증권상장지수투자신탁(주식)
0151S,삼성 KODEX 미국AI반도체TOP3플러스증권상장지수투자신탁[주식]
0152E,신한 SOL 배당성향탑픽액티브증권상장지수투자신탁[주식]
0153K,삼성 KODEX 주주환원고배당주증권상장지수투자신탁[주식]
0153P,한국투자 ACE 리츠부동산인프라액티브부동산상장지수투자신탁(재간접형)
0153X,한화 PLUS 미국고배당주액티브증권상장지수투자신탁(주식)
0154F,우리 WON 초대형IB&금융지주증권상장지수투자신탁(주식)
0154H,삼성액티브 KoAct 차이나바이오헬스케어액티브증권상장지수투자신탁[주식]
0155M,한국투자 ACE 미국SMR원자력TOP10증권상장지수투자신탁(주식)
0155N,NH-Amundi HANARO K휴머노이드테마TOP10증권상장지수투자신탁[주식]
0157P,NH-Amundi HANARO 차이나AI반도체TOP3+증권상장지수투자신탁(주식)
0162L,삼성 KODEX 차이나AI반도체TOP10증권상장지수투자신탁[주식]
0162M,삼성 KODEX 금융채1~2년(AA-이상)PLUS액티브증권상장지수투자신탁[채권]
0162Y,타임폴리오 TIME 코스닥액티브증권상장지수투자신탁[주식]
0162Z,KB RISE 삼성전자SK하이닉스채권혼합50증권상장지수투자신탁(채권혼합)
0163Y,삼성액티브 KoAct 코스닥액티브증권상장지수투자신탁[주식]
0164G,KB RISE 차이나AI반도체TOP4Plus증권상장지수투자신탁(주식)
0166N,한화 PLUS 코스닥150액티브증권상장지수투자신탁(주식)
0166S,한화 PLUS K제조업핵심기업액티브증권상장지수투자신탁(주식)
0166T,한화 PLUS 글로벌저작권핵심기업액티브증권상장지수투자신탁(주식)
0167A,신한 SOL AI반도체TOP2플러스증권상장지수투자신탁[주식]
0167B,신한 SOL 200타겟위클리커버드콜증권상장지수투자신탁[주식-파생형]
0167Z,삼성 KODEX 미국우주항공증권상장지수투자신탁[주식]
0168K,미래에셋 TIGER 기술이전바이오액티브증권상장지수투자신탁(주식)
0172V,하나 1Q 은액티브특별자산상장지수투자신탁[은-재간접형]
0172Y,한국투자 ACE K수출핵심TOP10산업액티브증권상장지수투자신탁(주식)
0173Y,삼성 KODEX 미국AI광통신네트워크증권상장지수투자신탁[주식]
0174B,삼성액티브 KoAct 글로벌AI메모리반도체액티브증권상장지수투자신탁[주식]
0174J,대신 DAISHIN343 오피스리츠플러스부동산상장지수투자신탁[재간접형]
0174R,키움 KIWOOM 미국성장다우존스증권상장지수투자신탁[주식]
0176E,KB RISE 미국AI전력인프라액티브증권상장지수투자신탁(주식)
0176P,브이아이 FOCUS AI반도체위클리고정커버드콜증권상장지수투자신탁[주식-파생형]
0177A,우리 WON 두산그룹포커스증권상장지수투자신탁(주식)
0177N,삼성 KODEX 삼성전자SK하이닉스채권혼합50증권상장지수투자신탁[채권혼합]
0177R,미래에셋 TIGER 반도체TOP10커버드콜액티브증권상장지수투자신탁(주식-파생형)
0177X,한국투자 ACE K휴머노이드로봇산업TOP2+증권상장지수투자신탁(주식)
0178H,IBK ITF 미국AI TOP10국채혼합50 증권상장지수투자신탁[채권혼합]
0180V,한국투자 ACE 미국우주테크액티브증권상장지수투자신탁(주식)
0181B,NH-Amundi HANARO 미국AI메모리반도체TOP4+증권상장지수투자신탁(주식)
0181L,신한 SOL 미국우주항공TOP10증권상장지수투자신탁[주식]
0182R,하나 1Q K반도체TOP2+증권상장지수투자신탁(주식)
0182S,하나 1Q K반도체TOP2채권혼합50증권상장지수투자신탁(채권혼합)
0183J,미래에셋 TIGER 미국우주테크증권상장지수투자신탁(주식)
0183V,키움 KIWOOM 삼성전자&SK하이닉스채권혼합50증권상장지수투자신탁[채권혼합]
0184E,하나 1Q 200채권혼합50액티브증권상장지수투자신탁(채권혼합)
0184L,한화 PLUS 중기종합채권(A-이상)액티브증권상장지수투자신탁(채권)
0184N,한화 PLUS 은채권혼합증권상장지수투자신탁(채권혼합-재간접형)
0184V,현대 UNICORN 코스닥바이오액티브 증권상장지수투자신탁[주식]
0185L,타임폴리오 TIME 글로벌휴머노이드로봇산업액티브증권상장지수투자신탁[주식]
0186L,삼성액티브 KoAct 미국로봇피지컬AI액티브증권상장지수투자신탁[주식]
0186S,하나 1Q 코스닥150채권혼합50액티브증권상장지수투자신탁(채권혼합)
0189B,미래에셋 TIGER 은액티브특별자산상장지수투자신탁(은-재간접형)
0189Z,대신 DAISHIN343 금융&지주고배당 증권상장지수투자신탁[주식]
0190C,KB RISE 현대차고정피지컬AI 증권상장지수투자신탁(주식)
0190G,삼성 KODEX 반도체타겟위클리커버드콜증권상장지수투자신탁[주식-파생형]
0190M,키움 KIWOOM 미국AI테크하이베타증권상장지수투자신탁[주식]
0190Y,미래에셋 TIGER 구글밸류체인증권상장지수투자신탁(주식)
0191B,마이다스 MIDAS 코스닥액티브증권상장지수투자신탁(주식)
0191M,DB마이티 5월만기자동연장특수채(AAA)액티브증권상장지수투자신탁[채권]
0191S,IBK IBK 코스닥150 증권상장지수투자신탁[주식]
0191W,NH-Amundi HANARO 중기종합채권(A-이상)액티브증권상장지수투자신탁(채권)
0192L,KB RISE SK하이닉스단일종목레버리지증권상장지수투자신탁(주식-파생형)
0192M,KB RISE 삼성전자단일종목레버리지증권상장지수투자신탁(주식-파생형)
0192S,신한 SOL 코스피200채권혼합50증권상장지수투자신탁[채권혼합]
0192T,신한 SOL 코스닥TOP10증권상장지수투자신탁[주식]
0192Z,미래에셋 TIGER 중기종합채권(A-이상)액티브증권상장지수투자신탁(채권형)
06950,삼성 KODEX 200증권상장지수투자신탁(주식)
06955,KOSPI 50 ETF상장지수투신
06960,코덱스 큐 상장지수투자신탁
06966,키움 KIWOOM 200 상장지수증권투자신탁[주식]
07235,코덱스 큐 상장지수투자신탁
07417,KODEX KODI 상장지수투자신탁
08663,삼성 KODEX KRX100 상장지수투자신탁
08680,KODEX스타 상장지수간접투자기구투자신탁
09116,삼성 KODEX 반도체증권상장지수투자신탁(주식)
09117,삼성 KODEX 은행증권상장지수투자신탁(주식)
09118,삼성 KODEX 자동차증권상장지수투자신탁(주식)
09119,우리 KOSEF Banks 상장지수증권투자신탁[주식]
09120,키움 KOSEF IT 상장지수증권투자신탁[주식]
09121,미래에셋 TIGER KRX100증권상장지수투자신탁(주식)
09122,미래에셋 TIGER 은행증권상장지수투자신탁(주식)
09123,미래에셋 TIGER 반도체증권상장지수투자신탁(주식)
09768,삼성 KODEX 중대형성장 상장지수투자신탁
09769,삼성 KODEX 중대형가치 상장지수투자신탁
09770,삼성 KODEX 중형가치 상장지수투자신탁
09771,미래에셋 TIGER 가치주증권상장지수투자신탁(주식)
09772,미래에셋 TIGER 미드캡증권상장지수투자신탁(주식)
09773,우리 KOSEF 대형가치 상장지수증권투자신탁[주식]
09774,우리 KOSEF 중형순수가치 상장지수증권투자신탁[주식]
09775,유리 TREX 중소형가치증권상장지수투자신탁(주식)
09856,미래에셋TIGER방송통신증권상장지수투자신탁(주식)
09914,삼성 KODEX 차이나H증권상장지수투자신탁[주식]
10091,키움 KIWOOM KRX100 상장지수증권투자신탁[주식]
10128,삼성 KODEX Japan증권상장지수투자신탁(주식)
10211,미래에셋 TIGER 200증권상장지수투자신탁(주식)
10278,삼성 KODEX 삼성그룹주증권상장지수투자신탁(주식)
10296,삼성 KODEX 기계장비증권상장지수투자신탁(주식)
10297,삼성 KODEX 증권주증권상장지수투자신탁(주식)
10452,키움 KIWOOM 블루칩 상장지수증권투자신탁[주식]
10453,키움 KIWOOM 코리아고배당상장지수증권투자신탁[주식]
10458,삼성 KODEX Brazil 증권상장지수투자신탁[주식]
10501,미래에셋 TIGER 라틴증권상장지수투자신탁(주식)
10502,미래에셋 TIGER 브릭스 증권상장지수투자신탁(주식)
10519,한국투자 ACE 200 증권 상장지수투자신탁(주식)
10527,한국투자 KINDEX 성장대형F15증권상장지수투자신탁(주식)
10545,삼성 KODEX 15 증권상장지수투자신탁[주식]
10578,KB RISE 5대그룹주증권상장지수투자신탁(주식)
10756,대신 GIANT 현대차그룹증권상장지수형 투자신탁(주식)
10844,한국투자 KINDEX 코스닥스타증권상장지수투자신탁(주식)
10845,한국투자 ACE 삼성그룹주SW 증권 상장지수투자신탁(주식)
10848,KB KBSTAR 코스닥엘리트30증권상장지수투자신탁(주식)
10859,유리 TREX 200증권상장지수투자신탁(주식)
10863,동양 FIRST 스타우량상장지수증권투자신탁(주식)
11055,현대Hit골드특별자산상장지수투자신탁(금-재간접형)
11410,KB RISE 국고채3년증권상장지수투자신탁(채권)
11426,삼성 KODEX 국고채권증권상장지수투자신탁(채권)
11446,한국투자 ACE 국고채 증권 상장지수투자신탁(채권)
11447,키움 KIWOOM 국고채상장지수증권투자신탁[채권]
11480,삼성 KODEX 인버스증권상장지수투자신탁(주식-파생형)
11482,미래에셋 TIGER 국채3증권상장지수투자신탁(채권)
11746,삼성 KODEX 에너지화학증권상장지수투자신탁[주식]
11768,삼성 KODEX 철강증권상장지수투자신탁(주식)
11769,미래에셋 TIGER 차이나증권상장지수투자신탁(주식)
11770,삼성 KODEX 건설증권상장지수투자신탁(주식)
11774,한화 ARIRANG LG그룹& 증권상장지수투자신탁(주식)
12021,KTB GREAT SRI증권상장지수투자신탁(주식)
12209,한화 PLUS 코스피50증권상장지수투자신탁(주식)
12226,키움 KIWOOM 통안채상장지수증권투자신탁[채권]
12239,미래에셋 TIGER 코스닥프리미어증권상장지수투자신탁(주식)
12263,삼성 KODEX 레버리지증권상장지수투자신탁(주식-파생형)
12331,미래에셋 TIGER 인버스증권상장지수투자신탁(주식-파생형)
12332,미래에셋 TIGER 레버리지증권상장지수투자신탁(주식-파생형)
12376,KB KBSTAR 레버리지증권상장지수투자신탁(주식-파생재간접형)
12393,우리 KOSEF 인버스 증권상장지수투자신탁[주식-파생형]
12409,현대Hit보험증권상장지수투자신탁(주식)
12927,한화 ARIRANG 네오밸류 증권상장지수투자신탁(주식)
13068,미래에셋 TIGER 원유선물특별자산상장지수투자신탁(원유-파생형)
13073,키움 KIWOOM 단기자금증권상장지수투자신탁[채권]
13189,한국투자 ACE 삼성그룹주 동일가중 증권 상장지수투자신탁(주식)
13203,삼성 KODEX 골드선물특별자산상장지수투자신탁(금-파생형)(H)
13369,미래에셋 TIGER 미국나스닥100증권상장지수투자신탁(주식)
13403,현대Hit중소금융xB증권상장지수투자신탁(주식)
13628,삼성 KODEX 소비재증권상장지수투자신탁(주식)
13634,KB RISE 중기우량회사채증권상장지수투자신탁(채권)
13761,미래에셋 TIGER 농산물선물특별자산상장지수투자신탁(농산물-파생형)
13793,마이다스 코스피200커버드콜5%OTM증권상장지수투자신탁(주식)
13799,미래에셋 TIGER 그린증권상장지수투자신탁(주식)
13821,KTB GREAT GREEN증권상장지수투자신탁[주식]
13823,키움 KIWOOM 미국달러선물특별자산상장지수투자신탁[미국달러-파생형]
13838,KTB GREAT WTI선물환헷지특별자산상장지수투자신탁[원유-파생형]
13852,미래에셋 TIGER 삼성그룹증권상장지수투자신탁(주식)
13853,미래에셋 TIGER LG그룹+증권상장지수투자신탁(주식)
13854,미래에셋 TIGER 현대차그룹+증권상장지수투자신탁(주식)
13891,삼성 KODEX 구리선물특별자산상장지수투자신탁(구리-파생형)(H)
13892,삼성 KODEX 콩선물특별자산상장지수투자신탁(콩-파생형)(H)
13922,미래에셋 TIGER 200건설증권상장지수투자신탁(주식)
13923,미래에셋 TIGER 200중공업증권상장지수투자신탁(주식)
13924,미래에셋 TIGER 200철강소재증권상장지수투자신탁(주식)
13925,미래에셋 TIGER 200에너지화학증권상장지수투자신탁(주식)
13926,미래에셋 TIGER 200IT증권상장지수투자신탁(주식)
13927,미래에셋 TIGER 200금융증권상장지수투자신탁(주식)
13928,미래에셋 TIGER 경기방어증권상장지수투자신탁(주식)
13929,미래에셋 TIGER 200경기소비재증권상장지수투자신탁(주식)
13930,미래에셋 TIGER 블루칩30 증권상장지수투자신탁(주식)
13931,미래에셋 TIGER 금속선물특별자산상장지수투자신탁(금속-파생형)
13932,미래에셋 TIGER 금은선물특별자산상장지수투자신탁(금속-파생형)
13966,키움 KIWOOM 미국달러선물인버스특별자산상장지수투자신탁[미국달러-파생형]
14057,KB RISE 수출주증권상장지수투자신탁(주식)
14058,KB RISE 우량업종대표주증권상장지수투자신탁(주식)
14070,삼성 KODEX 보험증권상장지수투자신탁(주식)
14071,삼성 KODEX 운송증권상장지수투자신탁(주식)
14095,교보악사 파워 K100증권상장지수투자신탁(주식)
14124,한화 ARIRANG KOSPI100동일비중증권상장지수투자신탁(주식)
14125,한화 ARIRANG KRX100 동일비중 증권상장지수투자신탁(주식)
14346,한국투자 ACE 밸류대형 증권 상장지수투자신탁(주식)
14357,미래에셋 TIGER 인버스국채3Y 증권상장지수투자신탁(
14385,미래에셋 TIGER S&P500선물증권상장지수투자신탁(주식-파생형)
14386,미래에셋 TIGER 헬스케어증권상장지수투자신탁(주식)
14460,삼성 KODEX 은선물특별자산상장지수투자신탁(은-파생형)(H)
14467,키움 KOSEF 펀더멘탈 대형주 증권상장지수투자신탁[주식]
14475,삼성KODEX태양광증권상장지수투자신탁[주식]
14567,한국투자 ACE 인버스 증권 상장지수투자신탁(주식-파생형)
14585,유리 TREX 펀더멘탈200증권상장지수투자신탁(주식)
14797,미래에셋 TIGER 모멘텀증권상장지수투자신탁(주식)
14802,KB RISE 200증권상장지수투자신탁(주식)
14804,멀티에셋 PIONEER SRI증권상장지수투자신탁(주식)
14807,키움 KIWOOM 10년국고채증권상장지수투자신탁[채권]
15046,미래에셋 TIGER 중국소비테마증권상장지수투자신탁(주식)
15210,한화 PLUS 200증권상장지수투자신탁(주식)
15218,미래에셋 TIGER 생활필수품증권상장지수투자신탁(주식)
15219,미래에셋맵스TIGER자동차증권상장지수투자신탁(주식)
15220,미래에셋맵스TIGER화학증권상장지수투자신탁(주식)
15228,키움 KOSEF 200선물증권상장지수투자신탁(주식-파생형)
15238,삼성 KODEX 10년국채선물증권상장지수투자신탁(채권-파생형)
15250,한국투자 ACE 레버리지 증권상장지수투자신탁(주식-파생형)
15287,교보악사 파워 K200증권상장지수투자신탁(주식)
15313,삼성 KODEX 단기채권증권상장지수투자신탁(채권)
15327,키움 KIWOOM 100 증권상장지수투자신탁[주식]
15608,삼성 KODEX MSCI KOREA증권상장지수투자신탁(주식)
15745,미래에셋 TIGER 단기통안채증권상장지수투자신탁(채권)
15749,미래에셋 TIGER 소프트웨어증권상장지수투자신탁(주식)
15750,미래에셋 TIGER 증권증권상장지수투자신탁(주식)
15751,미래에셋 TIGER 자동차증권상장지수투자신탁(주식)
15752,미래에셋 TIGER 화학증권상장지수투자신탁(주식)
15765,KB KBSTAR 5대그룹주장기채플러스증권상장지수투자신탁(주식혼합-파생형)
15980,DB마이티K100증권상장지수 투자신탁[주식]
16058,미래에셋 TIGER 구리실물특별자산상장지수투자신탁(금속)
16149,한화 ARIRANG 경기방어주증권상장지수투자신탁(주식)
16150,한화 ARIRANG 경기주도주증권상장지수투자신탁(주식)
16151,한화 PLUS 고배당주증권상장지수투자신탁(주식)
16152,한화 ARIRANG 자동차 증권상장지수투자신탁(주식)
16153,한화 ARIRANG 조선운송 증권상장지수투자신탁(주식)
16154,한화 ARIRANG 철강금속 증권상장지수투자신탁(주식)
16155,한화 ARIRANG 화학 증권상장지수투자신탁(주식)
16640,미래에셋 TIGER 200커버드콜OTM 증권상장지수투자신탁(주식-파생형)
16786,키움 KIWOOM 10년국고채레버리지증권상장지수투자신탁[채권-파생형]
16830,하나 KTOP KOSPI50 증권상장지수투자신탁(주식)
16858,한국투자 ACE 중국본토 CSI300 증권 자상장지수투자신탁(주식-파생형)
16982,우리 KOSEF 인디아 선물 증권상장지수투자신탁[주식-파생형]
16995,삼성 KODEX 차이나FTSE China A50증권상장지수자투자신탁[주식-파생형]
17035,미래에셋 TIGER 베타플러스증권상장지수투자신탁(주식)
17435,미래에셋 TIGER 로우볼증권상장지수투자신탁(주식)
17436,KB RISE 중국본토대형주CSI100증권상장지수자투자신탁(주식)
17671,교보악사 파워 국고채증권상장지수투자신탁[채권]
17695,삼성 KODEX 10년국채선물인버스증권상장지수투자신탁(채권-파생형)
18145,한국투자 KINDEX iBoxx선진국하이일드증권상장지수투자신탁(채권-파생형)(합성 H)
18148,한국투자 ACE 미국부동산리츠 부동산상장지수투자신탁(파생형)(합성 H)
18248,미래에셋 TIGER MSCI US리츠부동산상장지수투자신탁(파생형)(합성 H)
18249,미래에셋 TIGER 단기선진국하이일드증권상장지수투자신탁(채권-파생형)(합성 H)
18370,KB RISE 채권혼합증권상장지수투자신탁(채권혼합-파생형)
18371,KB RISE 주식혼합증권상장지수투자신탁(주식혼합-파생형)
18568,삼성 KODEX 미국바이오테크증권상장지수투자신탁(주식-파생형)(합성)
18940,한화 PLUS 글로벌MSCI증권상장지수투자신탁(주식-파생형)(합성 H)
19015,한화 ARIRANG 바벨증권상장지수투자신탁(채권)
19016,한화 ARIRANG 단기유동성증권상장지수투자신탁(채권)
19062,한국투자 ACE 단기자금 증권 상장지수투자신탁(채권)
19209,미래에셋 TIGER 차이나CSI300증권상장지수투자신탁(주식-파생형)
19272,교보악사 파워 고배당저변동성증권상장지수투자신탁(주식)
19592,미래에셋 TIGER 일본증권상장지수투자신탁(주식-파생형)(합성 H)
19593,미래에셋 TIGER 유로스탁스50증권상장지수투자신탁(주식-파생형)(합성 H)
19597,한화 PLUS 선진국MSCI증권상장지수투자신탁(주식-파생형)(합성 H)
19598,한화 PLUS 신흥국MSCI증권상장지수투자신탁(주식-파생형)(합성 H)
19603,한국투자 ACE 일본 레버리지 증권 상장지수투자신탁(주식-재간접파생형)(H)
19622,KB KBSTAR 일본TOPIX레버리지증권상장지수투자신탁(주식-재간접파생형)(H)
19623,KB RISE 단기통안채증권상장지수투자신탁(채권)
20002,삼성 KODEX 미국IT증권상장지수투자신탁(주식-파생형)(합성)
20003,삼성 KODEX 미국S&P500산업재증권상장지수투자신탁[주식-파생형](합성)
20004,삼성 KODEX 미국금융증권상장지수투자신탁(주식-파생형)(합성)
20005,삼성 KODEX MSCI독일증권상장지수투자신탁(주식-파생형)(합성)
20025,키움 KIWOOM NIFTY50인디아증권상장지수투자신탁[주식-파생형](합성)
20378,미래에셋 TIGER 나스닥바이오증권상장지수투자신탁(주식)
20442,한화 ARIRANG HSCEI레버리지증권상장지수투자신탁(주식-파생형)(합성 H)
20445,삼성 KODEX 차이나H레버리지증권상장지수투자신탁[주식-파생형](H)
20448,미래에셋TIGER차이나CSI300레버리지증권상장지수투자신탁(주식혼합-파생재간접형)합성
20572,한국투자 ACE 일본인버스 증권 상장지수투자신탁(주식-파생형)(합성 H)
20847,신한 SOL MSCI선진국증권상장지수투자신탁(주식-파생형)(합성 H)
21078,미래에셋 TIGER 코스피고배당증권상장지수투자신탁(주식)
21121,DB마이티코스피고배당증권 상장지수투자신탁[주식]
21126,한국투자 KINDEX 배당성장증권상장지수투자신탁(주식)
21156,미래에셋 TIGER 배당성장증권상장지수투자신탁(주식)
21190,삼성 KODEX 코리아배당성장증권상장지수투자신탁[주식]
21361,삼성 KODEX 삼성그룹밸류증권상장지수투자신탁(주식)
21363,한화 PLUS 미국다우존스고배당주증권상장지수투자신탁(주식-파생형)(합성 H)
21498,삼성 KODEX 단기채권PLUS증권상장지수투자신탁(채권)
21562,흥국 HK S&P로우볼증권상장지수투자신탁(주식)
21777,미래에셋 TIGER 원유인버스선물특별자산상장지수투자신탁(원유-파생형)(H)
21778,미래에셋 TIGER 차이나CSI300인버스증권상장지수투자신탁(채권혼합-파생형)(합성)
21779,미래에셋 TIGER 가격조정증권상장지수투자신탁(주식)
21842,삼성 KODEX 미국S&P500에너지증권상장지수투자신탁[주식-파생형](합성)
21939,KB RISE 미국S&P원유생산기업증권상장지수투자신탁(주식-파생형)(합성 H)
21948,삼성 KODEX S&P500선물증권상장지수투자신탁(주식-파생형)(H)
21990,한국투자 ACE 중국본토레버리지CSI300증권상장지수투자신탁(주식혼합-파생형)(합성)
22013,신한 SOL 차이나강소기업CSI500증권상장지수투자신탁(주식-파생형)(합성 H)
22217,한화 ARIRANG S&P배당성장증권상장지수투자신탁(주식)
22218,한화 ARIRANG 스마트베타Value증권상장지수투자신탁(주식)
22219,한화 ARIRANG 스마트베타Momentum증권상장지수투자신탁(주식)
22220,한화 ARIRANG 스마트베타Quality증권상장지수투자신탁(주식)
22319,삼성 KODEX 200가치저변동증권상장지수투자신탁[주식]
22503,미래에셋 TIGER S&P500인버스선물증권상장지수투자신탁(주식-파생형)(H)
22504,미래에셋 TIGER S&P500레버리지증권상장지수투자신탁(주식혼합-파생형)(합성 H)
22505,미래에셋 TIGER 유로스탁스50레버리지증권상장지수투자신탁(주식혼합-파생형)(합성 H)
22506,미래에셋 TIGER MSCIEM레버리지증권상장지수투자신탁(주식혼합-파생형)(합성 H)
22513,한국투자 ACE 골드선물레버리지특별자산상장지수투자신탁(금-파생형)(합성 H)
22580,키움 KIWOOM 미국달러선물레버리지특별자산상장지수투자신탁[미국달러-파생형]
22638,한국투자 ACE 성장소비주도주증권상장지수투자신탁(주식)
22649,삼성 KODEX 코스피증권상장지수투자신탁(주식)
22681,교보악사 파워 단기채증권상장지수투자신탁(채권)
22698,삼성 KODEX 200중소형증권상장지수투자신탁[주식]
22754,미래에셋 TIGER 200헬스케어증권상장지수투자신탁(주식)
22755,미래에셋 TIGER 200산업재증권상장지수투자신탁(주식)
22756,미래에셋 TIGER 200생활소비재증권상장지수투자신탁(주식)
22757,미래에셋 TIGER 우량가치증권상장지수투자신탁(주식)
22783,한화 PLUS 코스피증권상장지수투자신탁(주식)
22793,한국투자 KINDEX 코스닥150증권상장지수투자신탁(주식)
22879,미래에셋 TIGER 화장품증권상장지수투자신탁(주식)
22880,미래에셋 TIGER 여행레저증권상장지수투자신탁(주식)
22881,미래에셋 TIGER 미디어컨텐츠증권상장지수투자신탁(주식)
22882,미래에셋 TIGER KTOP30 증권상장지수투자신탁(주식)
22920,삼성 KODEX 코스닥150증권상장지수투자신탁[주식]
22972,삼성 KODEX KTOP30증권상장지수투자신탁(주식)
23048,키움 KIWOOM 미국달러선물 인버스2X 특별자산상장지수투자신탁[미국달러-파생형]
23208,미래에셋 TIGER 코스닥150증권상장지수투자신탁(주식)
23259,한국투자 KINDEX 골드선물인버스2X특별자산상장지수투자신탁(금-파생형)(합성 H)
23316,미래에셋 TIGER 코스닥150 레버리지증권상장지수투자신탁(주식-파생형)
23374,삼성 KODEX 코스닥150 레버리지증권상장지수투자신탁(주식-파생형)
23431,KB RISE V&S셀렉트밸류증권상장지수투자신탁(주식)
23479,한국투자 KINDEX 코스닥150 레버리지증권상장지수투자신탁(주식파생형)
23635,미래에셋 TIGER 인도레버리지증권상장지수투자신탁(주식혼합-파생형)(합성)
23646,한화 ARIRANG 스마트베타LowVOL증권상장지수투자신탁(주식)
23735,삼성 KODEX 200대형증권상장지수투자신탁[주식]
23737,삼성 KODEX 코리아배당성장채권혼합증권상장지수투자신탁[채권혼합]
23744,미래에셋TIGER경기방어혼합증권상장지수투자신탁(채권혼합)
23867,한화 PLUS 스마트베타Quality채권혼합증권상장지수투자신탁(채권혼합-파생형)
23872,한국투자 ACE 일본Nikkei225증권상장지수투자신탁(주식-파생형)(H)
23966,한화 PLUS 우량회사채50증권상장지수투자신탁(채권)
24118,미래에셋 TIGER 일본니케이225증권상장지수투자신탁(주식-파생형)
24139,KB RISE V&S셀렉트밸류채권혼합증권상장지수투자신탁(채권혼합)
24388,미래에셋 TIGER 200IT레버리지증권상장지수투자신탁(주식-파생형)
24389,미래에셋 TIGER 200에너지화학레버리지증권상장지수투자신탁(주식-파생형)
24458,삼성 KODEX 바이오증권상장지수투자신탁[주식]
24462,삼성 KODEX 모멘텀PLUS증권상장지수투자신탁[주식]
24466,삼성 KODEX 퀄리티PLUS증권상장지수투자신탁[주식]
24467,삼성 KODEX 밸류PLUS증권상장지수투자신탁[주식]
24482,한화 ARIRANG 스마트베타4종결합증권상장지수투자신탁(주식)
24534,미래에셋 TIGER 미국다우존스30증권상장지수투자신탁(주식-파생형)
24535,미래에셋 TIGER 유로스탁스배당30증권상장지수투자신탁(주식-파생형)
24536,미래에셋 TIGER 차이나HSCEI증권상장지수투자신탁(주식-파생형)
24571,한국투자 ACE 베트남VN30증권상장지수투자신탁(주식-파생형)(합성)
24778,삼성 KODEX 가치투자증권상장지수투자신탁[주식]
24779,삼성 KODEX 성장투자증권상장지수투자신탁[주식]
24780,삼성 KODEX 턴어라운드투자증권상장지수투자신탁[주식]
24826,미래에셋 TIGER 일본헬스케어증권상장지수투자신탁(주식-파생형)(합성)
24827,미래에셋 TIGER 글로벌헬스케어증권상장지수투자신탁(주식-파생형)(합성)
25073,KB RISE 차이나HSCEI증권상장지수투자신탁(주식)(H)
25078,미래에셋 TIGER 코스닥150인버스증권상장지수투자신탁(주식-파생형)
25134,삼성 KODEX 코스닥150인버스증권상장지수투자신탁(주식-파생형)
25135,삼성 KODEX MSCI선진국증권상장지수투자신탁[주식]
25159,한화 PLUS 고배당저변동50증권상장지수투자신탁(주식)
25160,한화 PLUS 고배당주채권혼합증권상장지수투자신탁(채권혼합-파생형)
25189,한국투자 ACE 코스닥증권상장지수투자신탁(주식-파생형)(합성)
25200,미래에셋 TIGER 200동일가중증권상장지수투자신탁(주식)
25240,KB RISE 200선물레버리지증권상장지수투자신탁(주식-파생형)
25241,KB RISE 200선물인버스증권상장지수투자신탁(주식-파생형)
25242,KB RISE 200선물인버스2X증권상장지수투자신탁(주식-파생형)
25265,삼성 KODEX 200동일가중증권상장지수투자신탁[주식]
25267,삼성 KODEX 200선물인버스2X증권상장지수투자신탁(주식-파생형)
25271,미래에셋 TIGER 200선물인버스2X증권상장지수투자신탁(주식-파생형)
25272,KB KBSTAR 모멘텀밸류증권상장지수투자신탁(주식)
25273,KB KBSTAR 모멘텀로우볼증권상장지수투자신탁(주식)
25315,한화 PLUS 200선물레버리지증권상장지수투자신탁(주식-파생형)
25316,한화 PLUS 200선물인버스2X증권상장지수투자신탁(주식-파생형)
25323,키움 KIWOOM 200선물인버스2X증권상장지수투자신탁[주식-파생형]
25324,키움 KIWOOM 200선물인버스증권상장지수투자신탁[주식-파생형]
25325,키움 KIWOOM 200선물레버리지증권상장지수투자신탁[주식-파생형]
25328,KB RISE 헬스케어증권상장지수투자신탁(주식)
25329,KB RISE 헬스케어채권혼합증권상장지수투자신탁(채권혼합)
25399,미래에셋 TIGER 대만증권상장지수투자신탁(주식-파생형)(H)
25644,한국투자 ACE MSCI인도네시아증권상장지수투자신탁(주식-파생형)(합성)
25645,한화 PLUS 심천차이넥스트증권상장지수투자신탁(주식-파생형)(합성)
25675,삼성 KODEX 차이나심천ChiNext증권상장지수투자신탁[주식-파생형](합성)
26020,키움 KOSEF 배당바이백플러스증권상장지수투자신탁[주식]
26027,키움 KOSEF 저PBR가중 증권상장지수투자신탁[주식]
26106,미래에셋 TIGER 코스닥150IT증권상장지수투자신탁(주식)
26107,미래에셋 TIGER 코스닥150바이오테크증권상장지수투자신탁(주식)
26111,미래에셋 TIGER 미국달러선물레버리지특별자산상장지수투자신탁(달러-파생형)
26112,미래에셋 TIGER 미국달러선물인버스2X특별자산상장지수투자신탁(달러-파생형)
26114,미래에셋 TIGER 우선주증권상장지수투자신탁(주식)
26122,삼성 KODEX WTI원유선물특별자산상장지수투자신탁[원유-파생형](H)
26124,삼성 KODEX 미국달러선물특별자산상장지수투자신탁[미국달러-파생형]
26125,삼성 KODEX 미국달러선물레버리지특별자산상장지수투자신탁(미국달러-파생형)
26126,삼성 KODEX 미국달러선물인버스2X특별자산상장지수투자신탁(미국달러-파생형)
26127,삼성 KODEX 미국달러선물인버스특별자산상장지수투자신탁(미국달러-파생형)
26192,한국투자 ACE MSCI필리핀증권상장지수투자신탁(주식-파생형)(합성)
26319,한화 ARIRANG 우량단기채권증권상장지수투자신탁(채권)
26569,한국투자 ACE 러시아MSCI증권상장지수투자신탁(주식-파생형)(합성)
26614,미래에셋 TIGER 지속배당증권상장지수투자신탁(주식)
26616,KB RISE 고배당증권상장지수투자신탁(주식)
26636,삼성 KODEX K콘텐츠증권상장지수투자신탁[주식]
26637,삼성 KODEX IT증권상장지수투자신탁(주식)
26639,삼성 KODEX 경기소비재증권상장지수투자신탁[주식형]
26641,삼성 KODEX 필수소비재증권상장지수투자신탁[주식형]
26642,삼성 KODEX 헬스케어증권상장지수투자신탁[주식형]
26655,한화 PLUS 중형주저변동50증권상장지수투자신탁(주식)
26730,미래에셋 TIGER 코스닥150로우볼증권상장지수투자신탁(주식)
26744,KB RISE 미국장기국채선물증권상장지수투자신탁(채권-파생형)(H)
26745,KB RISE 미국장기국채선물인버스증권상장지수투자신탁(채권-파생형)(H)
26749,KB RISE 미국장기국채선물레버리지증권상장지수투자신탁(채권-파생형)(합성 H)
26750,KB KBSTAR 미국장기국채선물인버스2X증권상장지수투자신탁(채권-파생형)(합성 H)
26777,미래에셋 TIGER 200선물레버리지증권상장지수투자신탁(주식-파생형)
26937,미래에셋 TIGER S&P글로벌인프라증권상장지수투자신탁(주식-파생형)(합성)
26942,삼성 KODEX S&P글로벌인프라증권상장지수투자신탁[주식-파생형](합성)
26953,한화 PLUS S&P글로벌인프라 증권상장지수투자신탁(주식)
26954,한화 PLUS S&P500증권상장지수투자신탁(주식-파생)(H)
27080,KB RISE KQ고배당증권상장지수투자신탁(주식)
27081,KB RISE 코스닥150증권상장지수투자신탁(주식)
27105,삼성KODEX WTI원유선물인버스특별자산상장지수투자신탁[원유-파생형](H)
27106,삼성 KODEX 3대농산물선물특별자산상장지수투자신탁[농산물-파생형](H)
27222,한국투자 ACE 스마트모멘텀증권상장지수투자신탁(주식)
27223,한국투자 ACE 스마트밸류증권상장지수투자신탁(주식)
27256,KB RISE 단기국공채액티브증권상장지수투자신탁(채권)
27257,KB RISE 중장기국공채액티브증권상장지수투자신탁(채권)
27258,미래에셋 TIGER 단기채권액티브증권상장지수투자신탁(채권)
27291,한국투자 ACE 중장기국공채액티브증권상장지수투자신탁(채권)
27313,삼성 KODEX 종합채권(AA-이상)액티브증권상장지수투자신탁[채권]
27314,삼성 KODEX 단기변동금리부채권액티브증권상장지수투자신탁[채권]
27528,삼성 KODEX 모멘텀주증권상장지수투자신탁[주식형]
27529,삼성 KODEX 가치주증권상장지수투자신탁[주식형]
27530,삼성 KODEX 우량주증권상장지수투자신탁[주식형]
27554,교보악사 파워 스마트밸류증권상장지수투자신탁(주식)
27575,KB RISE 코스닥150선물인버스증권상장지수투자신탁(주식-파생형)
27598,미래에셋TIGER모닝스타글로벌4차산업혁신기술증권상장지수투자신탁(주식-파생형)합성H
27600,미래에셋TIGER모닝스타글로벌자원생산기업증권상장지수투자신탁(주식-파생형)(합성 H)
27665,KB RISE 글로벌테크놀로지증권상장지수투자신탁(주식-파생형)(합성 H)
27697,삼성 KODEX 미국S&P500배당귀족커버드콜증권상장지수투자신탁[주식-파생형](합성 H)
27699,삼성 KODEX 글로벌로봇증권상장지수투자신탁(주식-파생형)(합성)
27754,한국투자 ACE 아시아TOP50증권상장지수투자신탁(주식)
27763,미래에셋 TIGER 코스피증권상장지수투자신탁(주식)
27764,미래에셋 TIGER 코스피대형주증권상장지수투자신탁(주식)
27765,미래에셋 TIGER 코스피중형주증권상장지수투자신탁(주식)
27824,KB RISE 코스닥150선물레버리지증권상장지수투자신탁(주식-파생형)
27842,한화 ARIRANG ESG우수기업증권상장지수투자신탁(주식)
27853,삼성 KODEX 200 Total Return증권상장지수투자신탁[주식]
27854,삼성 KODEX MSCI Korea Total Return증권상장지수투자신탁[주식]
27862,한화 PLUS 단기채권액티브증권상장지수투자신탁(채권)
27953,삼성 KODEX 고배당주증권상장지수투자신탁[주식]
27954,삼성 KODEX 최소변동성증권상장지수투자신탁[주식]
28032,한국투자 ACE 미국IT인터넷증권상장지수투자신탁(주식-파생형)(합성 H)
28092,한화 PLUS 주도업종증권상장지수투자신탁(주식)
28093,삼성 KODEX 미국러셀2000증권상장지수투자신탁[주식-파생형](H)
28094,삼성 KODEX 골드선물인버스특별자산상장지수투자신탁[금-파생형](H)
28199,KB RISE 중소형고배당증권상장지수투자신탁(주식)
28200,KB RISE 국고채3년선물인버스증권상장지수투자신탁(채권-파생형)
28358,삼성 KODEX 차이나CSI300증권상장지수투자신탁[주식-파생형]
28393,KB KBSTAR 지주회사증권상장지수투자신탁(주식)
28443,삼성 KODEX 200미국채혼합증권상장지수투자신탁[채권혼합-파생형]
28498,KB RISE 200금융증권상장지수투자신탁(주식)
28499,KB KBSTAR 200에너지화학증권상장지수투자신탁(주식)
28500,KB KBSTAR 200IT증권상장지수투자신탁(주식)
28501,KB KBSTAR 200중공업증권상장지수투자신탁(주식)
28502,KB KBSTAR 200철강소재증권상장지수투자신탁(주식)
28569,브이아이 FOCUS ESG Leaders150증권상장지수투자신탁[주식]
28718,한화 PLUS 미국나스닥테크증권상장지수투자신탁(주식)
28730,KB KBSTAR 200건설증권상장지수투자신탁(주식)
28731,KB KBSTAR 200경기소비재증권상장지수투자신탁(주식)
28732,KB KBSTAR 200산업재증권상장지수투자신탁(주식)
28733,KB KBSTAR 200생활소비재증권상장지수투자신탁(주식)
28904,삼성 KODEX MSCI ESG유니버설증권상장지수투자신탁[주식형]
28925,미래에셋 TIGER MSCI KOREA ESG유니버설증권상장지수투자신탁(주식)
28926,미래에셋 TIGER MSCI KOREA ESG리더스증권상장지수투자신탁(주식)
28948,미래에셋TIGER200커버드콜증권상장지수투자신탁(주식-파생형)
28967,한화 PLUS 국채선물10년증권상장지수투자신탁(채권-파생형)
29008,KB RISE 200고배당커버드콜ATM증권상장지수투자신탁(주식-파생형)
29013,KB RISE ESG사회책임투자증권상장지수투자신탁(주식)
29113,한국투자 ACE MSCI멕시코증권상장지수투자신탁(주식-파생형)(합성)
29161,키움 KOSEF 코스닥150선물증권상장지수투자신탁(주식-파생형)
29162,키움 KIWOOM 코스닥150선물인버스증권상장지수투자신탁[주식-파생형]
29163,키움 KIWOOM 코스닥150선물레버리지증권상장지수투자신탁[주식-파생형]
29166,삼성 KODEX China H선물인버스증권상장지수투자신탁[주식-파생형](H)
29168,KB RISE 차이나H선물인버스증권상장지수투자신탁(주식-파생형)(H)
29189,삼성 KODEX SGX MSCI EM 선물증권상장지수투자신탁[주식-파생형](H)
29205,KB RISE KRX300증권상장지수투자신탁(주식)
29206,미래에셋TIGERKRX300증권상장지수투자신탁(주식)
29209,TIGERTOP10증권상장지수투자신탁(주식)
29210,미래에셋 TIGER 대형성장증권상장지수투자신탁(주식)
29211,미래에셋 TIGER 대형가치증권상장지수투자신탁(주식)
29212,미래에셋 TIGER 중소형증권상장지수투자신탁(주식)
29213,미래에셋 TIGER 중소형성장증권상장지수투자신탁(주식)
29214,미래에셋 TIGER 중소형가치증권상장지수투자신탁(주식)
29215,미래에셋 TIGER 코리아TOP10증권상장지수투자신탁(주식)
29216,미래에셋 TIGER KRX300증권상장지수투자신탁(주식)
29219,삼성 KODEX KRX300증권상장지수투자신탁[주식형]
29234,DB 마이티 200커버드콜ATM레버리지증권상장지수투자신탁[주식-파생형]
29250,신한 SOL KRX300증권상장지수투자신탁[주식]
29256,미래에셋 TIGER 일본엔선물특별자산상장지수투자신탁(엔-파생형)
29257,미래에셋 TIGER 일본엔선물레버리지특별자산상장지수투자신탁(엔-파생형)
29258,미래에셋 TIGER 일본엔선물인버스특별자산상장지수투자신탁(엔-파생형)
29259,미래에셋 TIGER 일본엔선물인버스2X특별자산상장지수투자신탁(엔-파생형)
29273,브이아이 FOCUS KRX300증권상장지수투자신탁[주식]
29275,한화 ARIRANG KRX300증권상장지수투자신탁(주식)
29277,삼성 KODEX 국채선물3년인버스증권상장지수투자신탁[채권-파생형]
29318,NH-Amundi HANARO 200증권상장지수투자신탁[주식]
29440,키움 KIWOOM 200TotalReturn증권상장지수투자신탁[주식]
29500,KB RISE 국채선물10년증권상장지수투자신탁(채권-파생형)
29502,KB RISE 국채선물10년인버스증권상장지수투자신탁(채권-파생형)
29504,신한 SOL 200 Total Return증권상장지수투자신탁[주식]
29582,한화 ARIRANG 200동일가중증권상장지수투자신탁(주식)
29584,한화 ARIRANG 200밸류가중증권상장지수투자신탁(주식)
29586,한화 ARIRANG 200모멘텀가중증권상장지수투자신탁(주식)
29588,한화 ARIRANG 200퀄리티가중증권상장지수투자신탁(주식)
29589,한화 ARIRANG 200로우볼가중증권상장지수투자신탁(주식)
29671,삼성 KODEX FnKorea50증권상장지수투자신탁[주식형]
29834,한화 PLUS 국채선물3년증권상장지수투자신탁(채권-파생형)
29877,삼성 KODEX 한국대만IT프리미어증권상장지수투자신탁[주식-파생형]
29907,한국투자 ACE 국채선물10년인버스증권상장지수투자신탁(채권-파생형)
29908,한국투자 ACE 국채선물3년인버스증권상장지수투자신탁(채권-파생형)
30028,KB KBSTAR 중소형모멘텀로우볼증권상장지수투자신탁(주식)
30029,KB KBSTAR 중소형모멘텀밸류증권상장지수투자신탁(주식)
30030,KB KBSTAR KQ모멘텀로우볼증권상장지수투자신탁(주식)
30031,KB KBSTAR KQ모멘텀밸류증권상장지수투자신탁(주식)
30061,미래에셋 TIGER K게임증권상장지수투자신탁(주식)
30064,KB RISE 게임테마증권상장지수투자신탁(주식)
30095,삼성 KODEX 게임산업증권상장지수투자신탁[주식]
30140,한화 PLUS 코스닥150증권상장지수투자신탁(주식)
30141,한화 PLUS 코스닥150선물인버스증권상장지수투자신탁(주식-파생형)
30144,한화 ARIRANG 코스피중형주증권상장지수투자신탁(주식)
30217,미래에셋 TIGER 국채선물3년인버스증권상장지수투자신탁(채권-파생형)
30218,미래에셋 TIGER 국채선물10년인버스증권상장지수투자신탁(채권-파생형)
30219,미래에셋 TIGER 중장기국채증권상장지수투자신탁(채권-파생형)
30220,미래에셋 TIGER 중장기국채선물인버스증권상장지수투자신탁(채권-파생형)
30221,미래에셋 TIGER 중장기국채선물인버스2X증권상장지수투자신탁(채권-파생형)
30245,KB RISE 코스피증권상장지수투자신탁(주식)
30466,삼성 KODEX 미국30년국채울트라선물증권상장지수투자신탁[채권-파생형](H)
30467,삼성 KODEX 미국30년국채울트라선물인버스증권상장지수투자신탁[채권-파생형](H)
30476,NH-Amundi HANARO KRX300증권상장지수투자신탁[주식]
30477,NH-Amundi HANARO 코스닥150증권상장지수투자신탁[주식]
30478,NH-Amundi HANARO 200선물레버리지증권상장지수투자신탁[주식-파생형]
30494,삼성 KODEX 미국나스닥100선물증권상장지수투자신탁[주식-파생형](H)
30505,한국투자 ACE 코스피증권상장지수투자신탁(주식)
30508,미래에셋 TIGER 미국채10년선물증권상장지수투자신탁(채권-파생형)
30554,미래에셋 TIGER 2차전지테마증권상장지수투자신탁(주식)
30572,삼성 KODEX 2차전지산업증권상장지수투자신탁[주식형]
30652,NH-Amundi HANARO 200선물인버스증권상장지수투자신탁(주식-파생형)
30653,NH-Amundi HANARO 코스닥150선물레버리지증권상장지수투자신탁(주식-파생형)
30654,NH-Amundi HANARO 단기통안채증권상장지수투자신탁(채권)
30695,삼성 KODEX KRX300레버리지증권상장지수투자신탁[주식-파생형]
30696,삼성 KODEX KRX300선물인버스증권상장지수투자신탁[주식-파생형]
30701,KB KBSTAR KRX300레버리지증권상장지수투자신탁(주식-파생형)
30702,KB KBSTAR KRX300선물인버스증권상장지수투자신탁(주식-파생형)
30751,미래에셋 TIGER 의료기기증권상장지수투자신탁(주식)
30752,미래에셋 TIGER 지주회사증권상장지수투자신탁(주식)
30761,미래에셋 TIGER KRX300레버리지증권상장지수투자신탁(주식-파생형)
30762,미래에셋 TIGER KRX300선물인버스증권상장지수투자신탁(주식-파생형)
30862,삼성 KODEX 미국10년국채선물증권상장지수투자신탁
30917,한화 ARIRANG KRX300IT증권상장지수투자신탁(주식)
30918,한화 ARIRANG KRX300금융증권상장지수투자신탁(주식)
30919,한화 ARIRANG KRX300산업재증권상장지수투자신탁(주식)
30920,한화 ARIRANG KRX300자유소비재증권상장지수투자신탁(주식)
30921,한화 ARIRANG KRX300헬스케어증권상장지수투자신탁(주식)
30923,한국투자 ACE 미국WideMoat동일가중증권상장지수투자신탁(주식)
31008,KB RISE 중국MSCI China증권상장지수투자신탁(주식)(H)
31096,미래에셋 TIGER 200 Total Return증권상장지수투자신탁(주식)
31097,미래에셋 TIGER MSCI Korea Total Return증권상장지수투자신탁(주식)
31425,삼성 KODEX 미국빅테크10증권상장지수투자신탁[주식-파생형](H)
31470,NH-Amundi HANARO 농업융복합산업증권상장지수투자신탁(주식)
31527,미래에셋 TIGER 200커뮤니케이션서비스증권상장지수투자신탁(주식)
31548,KB KBSTAR 200커뮤니케이션서비스증권상장지수투자신탁(주식)
31593,삼성 KODEX Top5Plus Total Return증권상장지수투자신탁[주식형]
31596,KB RISE 대형고배당10Total Return증권상장지수투자신탁(주식)
31630,한국투자 ACE 싱가포르리츠부동산상장지수투자신탁(재간접형)
31667,키움 KIWOOM 코스닥150증권상장지수투자신탁[주식]
31964,미래에셋 TIGER 골드선물특별자산상장지수투자신탁(금-파생형)(H)
31987,KB KBSTAR KRX300미국달러선물혼합자산상장지수투자신탁(혼합-파생형)
32141,삼성 KODEX모닝스타멀티에셋하이인컴증권상장지수투자신탁[채권혼합-파생재간접형](H)
32212,한국투자 ACE 스마트퀄리티증권상장지수투자신탁(주식)
32213,한국투자 ACE 스마트로우볼증권상장지수투자신탁(주식)
32215,한국투자 ACE 스마트하이베타증권상장지수투자신탁(주식)
32240,NH-Amundi HANARO e커머스증권상장지수투자신탁[주식]
32241,NH-Amundi HANARO K고배당증권상장지수투자신탁[주식]
32501,삼성 KODEX Fn성장증권상장지수투자신탁[주식형]
32502,삼성 KODEX 배당가치증권상장지수투자신탁[주식형]
32623,KB RISE 내수주플러스증권상장지수투자신탁(주식)
32624,KB RISE IT플러스증권상장지수투자신탁(주식)
32730,한국투자 KINDEX 미국여성리더십증권상장지수투자신탁(주식)
32837,한화 PLUS 코스피Total Return증권상장지수투자신탁(주식)
32920,미래에셋 TIGER 리츠부동산인프라혼합자산상장지수투자신탁(재간접형)
32965,삼성 KODEX TRF3070증권상장지수투자신탁[채권혼합]
32966,삼성 KODEX TRF5050증권상장지수투자신탁[주식혼합-재간접]
32967,삼성 KODEX TRF7030증권상장지수투자신탁[주식혼합-재간접]
32975,미래에셋 TIGER 미국달러단기채권액티브증권상장지수투자신탁(채권-파생형)
33191,키움 KOSEF Fn중소형증권상장지수투자신탁[주식]
33250,한국투자 ACE 200 Total Return증권상장지수투자신탁(주식)
33261,한화 PLUS 미국단기회사채(AAA~A)증권상장지수투자신탁(채권)
33262,한화 PLUS 미국장기우량회사채증권상장지수투자신탁(채권)
33293,NH-Amundi HANARO 200 Total Return증권상장지수투자신탁(주식)
33294,NH-Amundi HANARO MSCI Korea Total Return증권상장지수투자신탁(주식)
33394,한화 PLUS KS로우볼가중Total Return증권상장지수투자신탁(주식)
33395,한화 PLUS KS로우사이즈가중Total Return증권상장지수투자신탁(주식)
33396,한화 PLUS KS모멘텀가중Total Return증권상장지수투자신탁(주식)
33397,한화 PLUS KS밸류가중Total Return증권상장지수투자신탁(주식)
33398,한화 PLUS KS퀄리티가중Total Return증권상장지수투자신탁(주식)
33469,KB RISE 팔라듐선물특별자산상장지수투자신탁(파생형)(H)
33470,KB RISE 팔라듐선물인버스특별자산상장지수투자신탁(파생형)(H)
33616,KB RISE 금융채액티브증권상장지수투자신탁(채권)
33712,삼성 KODEX 멀티팩터증권상장지수투자신탁[주식]
33714,삼성 KODEX 코스피대형주증권상장지수투자신탁[주식]
33715,삼성 KODEX 200exTOP증권상장지수투자신탁[주식]
33716,삼성 KODEX 200ESG증권상장지수투자신탁[주식]
34003,미래에셋TIGER미국블룸버그밸런스안정형증권상장지수투자신탁(주식혼합-파생형)(H)
34185,미래에셋 TIGER 리츠부동산인프라채권 KIS부동산상장지수투자신탁(재간접형)
34214,한국투자 ACE 모닝스타싱가포르리츠30증권상장지수투자신탁(채권혼합-파생형)
34250,KB KBSTAR KRX국채선물3년10년스티프너증권상장지수투자신탁(채권-파생형)
34260,KB KBSTAR KRX국채선물3년10년스티프너2X증권상장지수투자신탁(채권-파생형)
34261,KB KBSTAR KRX국채선물3년10년플래트너증권상장지수투자신탁(채권-파생형)
34262,KB KBSTAR KRX국채선물3년10년플래트너2X증권상장지수투자신탁(채권-파생형)
34600,NH-Amundi HANARO KAP 초장기국고채증권상장지수투자신탁(채권-파생형)
34848,한국투자KINDEX블룸버그베트남VN30선물레버리지증권상장지수투자신탁(주식-파생형)(H)
35254,삼성 KODEX 일본부동산리츠부동산상장지수투자신탁[REITs-파생재간접형](H)
35256,삼성 KODEX 미국부동산리츠부동산상장지수투자신탁[REITs-파생재간접형](H)
35424,KB RISE 미국고정배당우선증권ICE 증권상장지수투자신탁(주식혼합)
35435,NH-Amundi HANARO 글로벌럭셔리S&P 증권상장지수투자신탁(주식-파생형)(합성)
35436,NH-Amundi HANARO 글로벌리츠FTSE 부동산상장지수투자신탁(파생)(합성)
35450,한국투자 ACE 코스닥150증권상장지수투자신탁(주식)
35654,한국투자 ACE 종합채권(AA-이상)액티브증권상장지수투자신탁(채권)
35787,미래에셋 TIGER CD금리투자KIS특별자산상장지수투자신탁(CD-파생형)(합성)
35921,삼성 KODEX 코스피TotalReturn증권상장지수투자신탁[주식]
36014,삼성 KODEX 200롱코스닥150숏선물증권상장지수투자신탁[주식-파생형]
36015,삼성 KODEX 코스닥150롱코스피200숏선물증권상장지수투자신탁[주식-파생형]
36020,한국투자 ACE 미국S&P500증권상장지수투자신탁(주식)
36075,미래에셋 TIGER 미국S&P500증권상장지수투자신탁(주식)
36158,KB RISE 200 Total Return증권상장지수투자신탁(주식)
36159,KB KBSTAR 코스피ex200증권상장지수투자신탁(주식)
36351,신한 SOL KIS단기통안채증권상장지수투자신탁[채권]
36357,삼성 KODEX 장기종합채권(AA-이상)액티브증권상장지수투자신탁[채권]
36358,삼성 KODEX 200IT Total Return증권상장지수투자신탁[주식]
36469,삼성 KODEX 혁신기술테마액티브증권상장지수투자신탁[주식]
36496,미래에셋 TIGER BBIG 증권상장지수투자신탁(주식)
36497,미래에셋 TIGER 바이오TOP10 증권상장지수투자신탁(주식)
36498,미래에셋 TIGER 2차전지TOP10 증권상장지수투자신탁(주식)
36499,미래에셋 TIGER 게임TOP10 증권상장지수투자신탁(주식)
36500,미래에셋 TIGER 인터넷TOP10 증권상장지수투자신탁(주식)
36504,미래에셋 TIGER AI코리아그로스액티브증권상장지수투자신탁(주식)
36578,한국투자 ACE 국고채10년증권상장지수투자신탁(채권)
36738,한국투자 ACE 미국나스닥100증권상장지수투자신탁(주식)
36774,NH-Amundi HANARO Fn5G산업증권상장지수투자신탁(주식)
36776,KB RISE 네트워크인프라증권상장지수투자신탁(주식)
36777,KB RISE Fn수소경제테마증권상장지수투자신탁(주식)
36819,NH-Amundi HANARO Fn K-뉴딜디지털플러스증권상장지수투자신탁[주식]
36820,KB KBSTAR Fn K-뉴딜디지털플러스증권상장지수투자신탁(주식)
36847,한국투자 KINDEX K-뉴딜디지털플러스증권상장지수투자신탁(주식)
36859,KB RISE 미국나스닥100증권상장지수투자신탁(주식)
36868,삼성 KODEX K-뉴딜디지털플러스증권상장지수투자신탁[주식]
37113,한국투자 ACE 블룸버그베트남VN30선물레버리지증권상장지수투자신탁(주식-파생형)(H)
37115,KB RISE 차이나항셍테크증권상장지수투자신탁(주식)
37116,미래에셋 TIGER 차이나항셍테크증권상장지수투자신탁(주식)
37145,미래에셋 TIGER 글로벌클라우드컴퓨팅INDXX증권상장지수투자신탁(주식-파생형)
37146,미래에셋 TIGER 차이나전기차SOLACTIVE증권상장지수투자신탁(주식-파생형)
37147,미래에셋 TIGER 차이나바이오테크SOLACTIVE증권상장지수투자신탁(주식-파생형)
37187,한국투자 ACE 차이나항셍테크증권상장지수투자신탁(주식)
37233,삼성 KODEX 차이나항셍테크증권상장지수투자신탁[주식]
37349,삼성 KODEX 코리아혁신성장액티브증권상장지수투자신탁[주식]
37353,한화 PLUS 신흥국MSCI인버스증권상장지수투자신탁(주식-파생형)(합성 H)
37379,키움 KIWOOM 미국방어배당성장나스닥증권상장지수투자신탁[주식]
37527,KB RISE 글로벌데이터센터리츠부동산상장지수투자신탁(파생형)(합성)
37576,NH-Amundi HANARO 탄소효율그린뉴딜증권상장지수투자신탁[주식]
37577,삼성 KODEX 탄소효율그린뉴딜증권상장지수투자신탁[주식]
37625,한화 ARIRANG 탄소효율그린뉴딜증권상장지수투자신탁(주식)
37641,미래에셋 TIGER 탄소효율그린뉴딜증권상장지수투자신탁(주식)
37799,미래에셋 TIGER Fn신재생에너지증권상장지수투자신탁(주식)
37978,KB RISE 미국S&P500증권상장지수투자신탁(주식)
37979,KB RISE 유로스탁스50증권상장지수투자신탁(주식)(H)
37980,삼성 KODEX 미국S&P500 증권상장지수투자신탁[주식]
37981,삼성 KODEX 미국나스닥100 증권상장지수투자신탁[주식]
38034,한국투자 ACE 코리아AI테크핵심산업증권상장지수투자신탁(주식)
38117,미래에셋 TIGER 미국테크TOP10 INDXX증권상장지수투자신탁(주식)
38118,미래에셋 TIGER 미국필라델피아반도체나스닥증권상장지수투자신탁(주식)
38156,NH-Amundi HANARO Fn전기&수소차증권상장지수투자신탁(주식)
38157,NH-Amundi HANARO Fn친환경에너지증권상장지수투자신탁(주식)
38551,삼성 KODEX 신재생에너지액티브증권상장지수투자신탁[주식]
38552,삼성 KODEX 자율주행액티브증권상장지수투자신탁[주식]
38554,KB RISE 종합채권(A-이상)액티브증권상장지수투자신탁(채권)
38555,KB RISE 단기채권알파액티브증권상장지수투자신탁(채권)
38556,KB RISE KIS국고채30년Enhanced증권상장지수투자신탁(채권)
38559,한국투자 ACE ESG액티브증권상장지수투자신탁(주식)
38560,한국투자 ACE 2차전지&친환경차액티브증권상장지수투자신탁(주식)
38571,타임폴리오 TIME K이노베이션액티브증권상장지수투자신탁[주식]
38572,타임폴리오 TIME 코스피액티브증권상장지수투자신탁(주식)
38727,미래에셋 TIGER 글로벌이노베이션액티브증권상장지수투자신탁(주식-재간접형)
38728,미래에셋 TIGER 퓨처모빌리티액티브증권상장지수투자신탁(주식)
38828,KB RISE K엔터&여행레저증권상장지수투자신탁(주식)
38842,KB RISE 비메모리반도체액티브증권상장지수투자신탁(주식)
39039,삼성 KODEX 미국반도체증권상장지수투자신탁[주식]
39040,삼성 KODEX 미국스마트모빌리티S&P증권상장지수투자신탁[주식]
39095,NH-Amundi HANARO 단기채권액티브증권상장지수투자신탁(채권)
39159,한국투자 ACE 미국스팩&IPO INDXX증권상장지수투자신탁(주식)
39160,한국투자 ACE 미국친환경그린테마증권상장지수투자신탁(주식)
39167,흥국 HK 베스트일레븐액티브증권상장지수투자신탁(주식)
39168,흥국 HK 하이볼액티브증권상장지수투자신탁(주식)
39434,키움 KOSEF글로벌디지털경제증권상장지수투자신탁[주식-재간접형]
39435,키움 KIWOOM 글로벌퓨처모빌리티증권상장지수투자신탁[주식-재간접형]
39466,미래에셋 TIGER글로벌자율주행&전기차SOLACTIVE증권상장지수투자신탁(주식-파생형)
39467,미래에셋 TIGER글로벌리튬&2차전지SOLACTIVE증권상장지수투자신탁(주식-파생형)(합성)
39515,삼성 KODEX 웹툰&드라마증권상장지수투자신탁[주식]
39516,삼성 KODEX AI반도체증권상장지수투자신탁[주식]
39517,삼성 KODEX Top10동일가중증권상장지수투자신탁[주식]
39527,NH-Amundi HANARO Fn K-반도체증권상장지수투자신탁(주식)
39528,NH-Amundi HANARO Fn K-게임증권상장지수투자신탁(주식)
39529,NH-Amundi HANARO Fn K-POP&미디어증권상장지수투자신탁(주식)
39575,한화 PLUS ESG가치주액티브증권상장지수투자신탁(주식)
39576,한화 PLUS ESG성장주액티브증권상장지수투자신탁(주식)
39650,미래에셋 TIGER 반도체TOP10증권상장지수투자신탁(주식)
39651,미래에셋 TIGER 차이나클린에너지SOLACTIVE증권상장지수투자신탁(주식-파생형)
39652,미래에셋 TIGER 차이나반도체FACTSET증권상장지수투자신탁(주식-파생형)
39741,KB RISE 국채선물5년추종인버스증권상장지수투자신탁(채권-파생형)
39742,KB RISE 국채선물5년추종증권상장지수투자신탁(채권-파생형)
39911,신한 SOL 미국S&P500ESG증권상장지수투자신탁[주식]
39958,KB RISE 글로벌클린에너지S&P증권상장지수투자신탁(주식)
40057,삼성 KODEX 유럽탄소배출권선물ICE특별자산상장지수투자신탁[탄소배출권-파생형](H)
40058,신한 SOL 유럽탄소배출권선물S&P특별자산상장지수투자신탁[탄소배출권-파생형](H)
40097,미래에셋 TIGER Fn메타버스증권상장지수투자신탁(주식)
40117,KB RISE iSelect메타버스증권상장지수투자신탁(주식)
40147,삼성 KODEX 메타버스액티브증권상장지수투자신탁[주식]
40246,NH-Amundi HANARO Fn K-메타버스MZ증권상장지수투자신탁(주식)
40252,브이아이 FOCUS 혁신기업액티브증권상장지수투자신탁[주식]
40297,한국투자 ACE 미국배당다우존스증권상장지수투자신탁(주식)
40379,마이다스 MIDAS 코스피액티브증권상장지수투자신탁(주식)
40399,KB KBSTAR KRX기후변화솔루션증권상장지수투자신탁(주식)
40412,타임폴리오 TIME K신재생에너지액티브증권상장지수투자신탁(주식)
40426,삼성 KODEX 기후변화솔루션증권상장지수투자신탁[주식]
40447,NH-Amundi HANARO KRX기후변화솔루션증권상장지수투자신탁(주식)
40454,미래에셋 TIGER KRX기후변화솔루션증권상장지수투자신탁(주식)
40465,신한 SOL KRX기후변화솔루션증권상장지수투자신탁[주식]
40716,케이씨지아이 KCGI TMT테크미디어텔레콤액티브증권상장지수투자신탁(주식)
40717,케이씨지아이 KCGI 스마트커머스액티브증권상장지수투자신탁(주식)
40730,NH-Amundi HANARO Fn골프테마 증권상장지수투자신탁(주식)
40731,NH-Amundi HANARO 200 TOP10 증권상장지수투자신탁(주식)
40782,에셋플러스 에셋플러스 코리아플랫폼액티브증권상장지수투자신탁(주식)
40783,에셋플러스 에셋플러스 글로벌플랫폼액티브증권상장지수투자신탁(주식)
40833,한국투자 KINDEX 중국채권중장기블룸버그증권상장지수투자신탁(채권)
40981,삼성 KODEX 미국나스닥100선물인버스증권상장지수투자신탁[주식-파생형](H)
40982,삼성 KODEX 미국나스닥100레버리지증권상장지수투자신탁[주식-파생형](합성 H)
41087,타임폴리오 TIME K컬처액티브증권상장지수투자신탁(주식)
41105,한국투자 ACE 글로벌메타버스테크액티브증권상장지수투자신탁(주식)
41106,한국투자 ACE KRX금현물특별자산상장지수투자신탁(금)
41142,삼성 KODEX 미국나스닥AI테크액티브증권상장지수투자신탁[주식]
41154,신한 SOL 200 Top10증권상장지수투자신탁[주식]
41172,KB RISE 글로벌메타버스Moorgate증권상장지수투자신탁(주식)
41186,키움 KIWOOM 독일DAX증권상장지수투자신탁[주식]
41256,미래에셋 TIGER BBIG레버리지 증권상장지수투자신탁(주식-파생형)
41257,미래에셋 TIGER 2차전지TOP10레버리지 증권상장지수투자신탁(주식-파생형)
41277,미래에셋 TIGER 글로벌AI플랫폼액티브증권상장지수투자신탁(주식)
41322,신한 SOL 차이나태양광CSI증권상장지수투자신탁[주식혼합-파생형](합성)
41393,우리 WON AI ESG액티브증권상장지수투자신탁(주식)
41427,한국투자 ACE 글로벌자율주행액티브증권상장지수투자신탁(주식)
41478,미래에셋 TIGER 차이나과창판STAR50증권상장지수투자신탁(주식-파생형)(합성)
41534,삼성 KODEX 차이나과창판STAR50증권상장지수투자신탁[주식-파생형](합성)
41576,신한 SOL 차이나육성산업액티브증권상장지수투자신탁[주식혼합-파생형](합성)
41592,한화 PLUS 글로벌희토류&전략자원생산기업증권상장지수투자신탁(주식)
41609,한국투자 ACE 중국과창판STAR50증권상장지수투자신탁(주식)
41745,KB RISE 글로벌수소경제Indxx증권상장지수투자신탁(주식)
41763,미래에셋 TIGER KEDI혁신기업ESG30증권상장지수투자신탁(주식)
41866,미래에셋 TIGER 미국나스닥100레버리지증권상장지수투자신탁(주식혼합-파생형)(합성)
41867,미래에셋 TIGER 글로벌사이버보안INDXX증권상장지수투자신탁(주식)
41917,NH-Amundi HANARO 미국메타버스iSelect 증권상장지수투자신탁(주식)
41942,삼성 KODEX 미국클린에너지나스닥증권상장지수투자신탁[주식]
41943,삼성 KODEX 차이나2차전지MSCI증권상장지수투자신탁[주식-파생형](합성)
41965,한화 PLUS 글로벌수소&차세대연료전지증권상장지수투자신탁(주식)
41989,키움 KIWOOM 단기채권ESG액티브증권상장지수투자신탁[채권]
42132,한화 PLUS 우주항공&UAM 증권상장지수투자신탁(주식)
42226,한국밸류 VITA MZ소비액티브증권상장지수투자신탁(주식)
42242,KB RISE 2차전지액티브증권상장지수투자신탁(주식)
42316,삼성 KODEX KOFR금리액티브특별자산상장지수투자신탁[금리-파생형](합성)
42317,신한 SOL 글로벌AI반도체탑픽액티브증권상장지수투자신탁[주식]
42392,미래에셋TIGER필라델피아반도체레버리지증권상장지수투자신탁(주식혼합-파생형)(합성)
42446,NH-Amundi HANARO 글로벌워터MSCI 증권상장지수투자신탁[주식-파생형](합성)
42602,타임폴리오 TIME 미국S&P500액티브증권상장지수투자신탁(주식)
42603,타임폴리오 TIME 미국나스닥100액티브증권상장지수투자신탁(주식)
42615,우리 WON 대한민국국고채액티브증권상장지수투자신탁(채권)
42633,키움 KIWOOM 미국ETF산업STOXX증권상장지수투자신탁[주식]
42641,한화 PLUS 미국대체투자Top10증권상장지수투자신탁(주식)
42711,KB RISE Fn창업투자회사증권상장지수투자신탁(주식)
42712,KB RISE AI플랫폼증권상장지수투자신탁(주식)
42851,삼성 KODEX 차이나AI테크액티브증권상장지수투자신탁[주식]
42856,삼성 KODEX 미국ETF산업Top10 Indxx증권상장지수투자신탁[주식]
42900,미래에셋 TIGER 미국S&P500배당귀족증권상장지수투자신탁(주식)
42901,미래에셋 TIGER 미국나스닥넥스트100증권상장지수투자신탁(주식)
42974,한화 PLUS K리츠부동산상장지수투자신탁(재간접형)
42976,한화 PLUS 미국S&P500 증권상장지수투자신탁(주식)
42987,키움 KIWOOM 리츠이지스액티브부동산상장지수투자신탁[REITs-재간접형]
42998,신한 SOL 한국형글로벌전기차&2차전지액티브증권상장지수투자신탁[주식]
42999,신한 SOL 한국형글로벌플랫폼&메타버스액티브증권상장지수투자신탁[주식-파생형]
43050,키움 KIWOOM 물가채KIS증권상장지수투자신탁[채권]
43260,KB RISE 국채선물3년증권상장지수투자신탁(채권-파생형)
43284,NH-Amundi HANARO 미국S&P500증권상장지수투자신탁(주식)
43285,NH-Amundi HANARO 글로벌백신치료제MSCI증권상장지수투자신탁(주식형)
43322,에셋플러스 에셋플러스 글로벌대장장이액티브증권상장지수투자신탁(주식)
43325,현대 UNICORN R&D 액티브증권상장지수투자신탁(주식)
43333,신한 SOL 미국S&P500 증권상장지수투자신탁[주식]
43350,한국투자 ACE 원자력TOP10증권상장지수투자신탁(주식)
43385,한화 PLUS TDF2030액티브증권상장지수투자신탁(혼합-재간접형)
43386,한화 PLUS TDF2040액티브증권상장지수투자신탁(혼합-재간접형)
43387,한화 PLUS TDF2050액티브증권상장지수투자신탁(혼합-재간접형)
43388,한화 PLUS 적격TDF2060액티브증권상장지수투자신탁(주식혼합-재간접형)
43397,삼성 KODEX 적격 TDF2030액티브증권상장지수투자신탁[채권혼합-재간접형]
43398,삼성 KODEX 적격 TDF2040액티브증권상장지수투자신탁[주식혼합-재간접형]
43406,삼성 KODEX 적격 TDF2050액티브증권상장지수투자신탁[주식혼합-재간접형]
43473,NH-Amundi HANARO 원자력iSelect증권상장지수투자신탁(주식)
43496,대신 DAISHIN343 K200증권상장지수투자신탁[주식]
43504,한국투자 ACE 글로벌브랜드TOP10증권상장지수투자신탁(주식)
43542,미래에셋 TIGER 미국나스닥100채권혼합50증권상장지수투자신탁(채권혼합)
43553,키움 KIWOOM 적격TDF2030액티브증권상장지수투자신탁[주식혼합-재간접형]
43554,키움 KIWOOM 적격TDF2040액티브증권상장지수투자신탁[주식혼합-재간접형]
43555,키움 KIWOOM 적격TDF2050액티브증권상장지수투자신탁[주식혼합-재간접형]
43614,신한 SOL종합채권(AA-이상)액티브증권상장지수투자신탁[채권]
43618,한화 PLUS K-유니콘투자기업액티브증권상장지수투자신탁(주식)
43707,삼성 KODEX 아시아달러채권ESG플러스액티브증권상장지수투자신탁[채권]
43708,삼성 KODEX 미국종합채권ESG액티브증권상장지수투자신탁(H)[채권]
43735,KB RISE 미국단기투자등급회사채액티브증권상장지수투자신탁(채권)
43737,KB RISE 글로벌농업경제MV증권상장지수투자신탁(주식)
43755,키움 KIWOOM 글로벌리츠이지스액티브부동산상장지수투자신탁[REITs-재간접형]
43808,한국투자 ACE 미국S&P500미국채혼합50액티브증권상장지수투자신탁(채권혼합)
43810,한국투자 ACE 미국나스닥100미국채혼합액티브증권상장지수투자신탁(채권혼합)
43821,한화 PLUS 글로벌AI증권상장지수투자신탁(주식)
43832,미래에셋 TIGER 차이나항셍테크레버리지증권상장지수투자신탁(주식혼합-파생)(합성 H)
43833,미래에셋 TIGER 우량회사채액티브증권상장지수투자신탁(채권)
43856,신한 SOL 국고채3년증권상장지수투자신탁[채권]
43857,신한 SOL 국고채10년증권상장지수투자신탁[채권]
43874,마이다스 MIDAS 중소형액티브증권상장지수투자신탁(주식)
43890,NH-Amundi HANARO Fn K-푸드증권상장지수투자신탁(주식)
43986,삼성 KODEX ESG종합채권(A-이상)액티브증권상장지수투자신탁[채권]
43987,삼성 KODEX 국고채30년액티브증권상장지수투자신탁[채권]
44034,미래에셋 TIGER 글로벌멀티에셋TIF액티브증권상장지수투자신탁(채권혼합)
44064,한국투자 ACE 단기채권알파액티브증권상장지수투자신탁(채권)
44065,한국투자 ACE 미국달러단기채권액티브증권상장지수투자신탁(채권)
44091,우리 WON 미국우주항공방산증권상장지수투자신탁(주식)
44133,키움 KIWOOM 차이나A50커넥트MSCI증권상장지수투자신탁[주식-파생형]
44148,타임폴리오 TIMEFOLIO K플러스배당액티브증권상장지수투자신탁[주식]
44154,NH-Amundi HANARO Fn조선해운증권상장지수투자신탁(주식)
44164,삼성 KODEX 미국배당커버드콜S&P액티브증권상장지수투자신탁[주식-파생형]
44168,미래에셋 TIGER 미국나스닥100커버드콜증권상장지수투자신탁(주식-파생형)(합성)
44180,타임폴리오 TIME Korea플러스배당액티브증권상장지수투자신탁[주식]
44209,에셋플러스 에셋플러스 코리아대장장이액티브증권상장지수투자신탁(주식)
44226,DB 마이티 다이나믹퀀트액티브증권상장지수투자신탁[주식]
44232,KB RISE 글로벌원자력iSelect증권상장지수투자신탁(주식)
44255,KB RISE 적격TDF2030액티브증권상장지수투자신탁(주식혼합-재간접형)
44256,KB RISE 적격TDF2040액티브증권상장지수투자신탁(주식혼합-재간접형)
44257,KB RISE 적격TDF2050액티브증권상장지수투자신탁(주식혼합-재간접형)
44258,한화 PLUS 글로벌HBM반도체증권상장지수투자신탁(주식)
44420,신한 SOL 코리아메가테크액티브증권상장지수투자신탁[주식]
44449,우리 WON 미국S&P500증권상장지수투자신탁(주식)
44515,삼성 KODEX 친환경조선해운액티브증권상장지수투자신탁[주식]
44529,삼성 KODEX 로봇액티브증권상장지수투자신탁[주식]
44569,BNK BNK 주주가치액티브증권상장지수투자신탁(주식)
44591,미래에셋 TIGER MKF배당귀족증권상장지수투자신탁(주식)
44669,삼성 KODEX 아시아 AI 반도체 exChina 액티브증권상장지수투자신탁[주식]
44670,KB RISE 배터리 리사이클링iSelect증권상장지수투자신탁(주식)
44672,신한 SOL 미국배당다우존스증권상장지수투자신탁[주식]
44677,한국투자 ACE 글로벌반도체TOP4 Plus증권상장지수투자신탁(주식)
44743,한국투자 ACE 주주환원가치주액티브증권상장지수투자신탁(주식)
44762,신한 SOL 미국TOP5채권혼합50증권상장지수투자신탁[채권혼합]
44766,한화 PLUS 애플채권혼합증권상장지수투자신탁(채권혼합)
44777,미래에셋 TIGER 테슬라채권혼합Fn증권상장지수투자신탁(채권혼합)
44778,미래에셋 TIGER 23-12 국공채액티브증권상장지수투자신탁(채권)
44782,미래에셋 TIGER 24-10 회사채(A+이상)액티브증권상장지수투자신탁(채권)
44810,우리 WON 200증권상장지수투자신탁(주식)
44829,미래에셋 TIGER 미국S&P500증권상장지수투자신탁(주식-파생형)(H)
44830,미래에셋 TIGER 미국나스닥100증권상장지수투자신탁(주식-파생형)(H)
44831,삼성 KODEX 23-12 국고채액티브증권상장지수투자신탁[채권]
44832,삼성 KODEX 23-12 은행채(AA+이상)액티브증권상장지수투자신탁[채권]
44833,삼성 KODEX 삼성전자채권혼합증권상장지수투자신탁[채권혼합]
44849,NH-Amundi HANARO 32-10 국고채액티브증권상장지수투자신탁(채권)
44850,NH-Amundi HANARO 24-10 종합채권(AA-이상)액티브 증권상장지수투자신탁(채권)
44851,NH-Amundi HANARO 글로벌신재생에너지MSCI 증권상장지수투자신탁[주식-파생형](합성)
44854,한국투자 ACE 엔비디아채권혼합증권상장지수투자신탁(채권혼합)
44857,브이아이 FOCUS AI코리아액티브증권상장지수투자신탁[주식]
44859,KB KBSTAR 23-11 회사채(AA-이상)액티브증권상장지수투자신탁(채권)
44860,KB RISE 25-11 회사채(AA-이상)액티브증권상장지수투자신탁(채권)
44863,KB RISE 삼성그룹Top3채권혼합블룸버그증권상장지수투자신탁(채권혼합)
44887,한국투자 ACE 23-12 회사채(AA-이상)액티브증권상장지수투자신탁(채권)
44888,한국투자 ACE 24-12 회사채(AA-이상)액티브증권상장지수투자신탁(채권)
44917,미래에셋TIGER KOFR금리액티브증권상장지수투자신탁(채권혼합-파생형)(합성)
44918,삼성 KODEX 미국S&P500증권상장지수투자신탁[주식](H)
44919,삼성 KODEX 미국나스닥100증권상장지수투자신탁[주식](H)
44945,한화 PLUS K방산증권상장지수투자신탁(주식)
44954,신한 SOL 24-06 국고채액티브증권상장지수투자신탁[채권]
44958,KB RISE 테슬라애플아마존채권혼합iSelect증권상장지수투자신탁(채권혼합)
44968,미래에셋 TIGER 한중전기차증권상장지수투자신탁(주식-파생형)(합성)
44969,미래에셋 TIGER 한중반도체증권상장지수투자신탁(주식-파생형)(합성)
44977,키움 KIWOOM 미국S&P500증권상장지수투자신탁[주식]
44978,키움 KIWOOM 미국S&P500증권상장지수투자신탁[주식](H)
45012,키움 KIWOOM SK그룹대표주증권상장지수투자신탁[주식]
45018,삼성 KODEX 한중전기차증권상장지수투자신탁[주식-파생형](합성)
45019,삼성 KODEX 한중반도체증권상장지수투자신탁[주식-파생형](합성)
45091,신한 SOL 코스닥150증권상장지수투자신탁[주식]
45100,한화 PLUS 종합채권(AA-이상)액티브증권상장지수투자신탁(채권)
45106,하나 1Q 200액티브증권상장지수투자신탁[주식]
45115,에셋플러스 에셋플러스 글로벌영에이지액티브증권상장지수투자신탁(주식)
45153,미래에셋TIGER국고채30년스트립액티브증권상장지수투자신탁(채권)
45154,미래에셋TIGER종합채권(AA-이상)액티브증권상장지수투자신탁(채권)
45160,한화 PLUS 국고채30년액티브증권상장지수투자신탁(채권)
45167,KB RISE 국채30년레버리지KAP증권상장지수투자신탁(채권-파생형)(합성)
45225,한국투자 ACE 미국30년국채선물레버리지증권상장지수투자신탁(채권-파생형)(합성 H)
45236,신한 SOL미국배당다우존스증권상장지수투자신탁[주식](H)
45244,한국밸류 VITA 밸류알파액티브증권상장지수투자신탁(주식)
45301,한화 PLUS KOFR금리특별자산상장지수투자신탁(금리)
45306,NH-Amundi HANARO KOFR금리액티브특별자산상장지수투자신탁(금리-파생형)(합성)
45308,키움 KIWOOM 미국나스닥100증권상장지수투자신탁[주식](H)
45333,KB RISE 미국S&P500증권상장지수투자신탁(주식)(H)
45353,미래에셋 TIGER 24-04 회사채(A+이상)액티브증권상장지수투자신탁(채권)
45354,미래에셋 TIGER 25-10 회사채(A+이상)액티브증권상장지수투자신탁(채권)
45363,삼성 KODEX 미국S&P500필수소비재증권상장지수투자신탁[주식]
45364,삼성 KODEX 미국S&P500헬스케어증권상장지수투자신탁[주식]
45365,삼성 KODEX 미국S&P500금융증권상장지수투자신탁[주식]
45366,삼성 KODEX 미국S&P500경기소비재증권상장지수투자신탁[주식]
45381,삼성 KODEX 인도Nifty50증권상장지수투자신탁[주식-파생형]
45382,삼성 KODEX 인도Nifty50레버리지증권상장지수투자신탁[주식-파생형](합성)
45385,한국투자 ACE 미국30년국채액티브증권상장지수투자신탁[채권](H)
45387,미래에셋 TIGER 인도니프티50증권상장지수투자신탁(주식-파생형)
45395,미래에셋 TIGER TSMC파운드리밸류체인증권상장지수투자신탁(주식)
45418,키움 KIWOOM 차이나내수소비TOPCSI증권상장지수투자신탁[주식-파생형]
45432,NH-Amundi HANARO CAPEX설비투자iSelect증권상장지수투자신탁(주식)
45478,키움 KIWOOM 종합채권(AA-이상)액티브증권상장지수투자신탁[채권]
45503,삼성 KODEX 미국달러SOFR금리액티브특별자산상장지수투자신탁[금리-파생형](합성)
45566,한국투자 ACE 미국하이일드액티브증권상장지수투자신탁[채권-재간접형](H)
45585,신한 SOL AI반도체소부장증권상장지수투자신탁[주식]
45586,신한 SOL 2차전지소부장Fn증권상장지수투자신탁[주식]
45589,KB RISE 머니마켓액티브증권상장지수투자신탁(채권)
45596,KB RISE 미국달러SOFR금리액티브특별자산상장지수투자신탁(금리-파생형)(합성)
45610,NH-Amundi HANARO 유로존국채25년플러스증권상장지수투자신탁[채권-파생형](합성 H)
45620,한화 PLUS 미국달러SOFR금리액티브특별자산상장지수투자신탁(금리-파생형)(합성)
45625,삼성 KODEX 유럽명품TOP10 STOXX증권상장지수투자신탁[주식]
45660,타임폴리오 TIME 글로벌AI인공지능액티브증권상장지수투자신탁[주식]
45661,미래에셋 TIGER 미국달러SOFR금리액티브특별자산상장지수투자신탁(금리-파생형)(합성)
45668,미래에셋 TIGER 차이나전기차레버리지증권상장지수투자신탁(주식혼합-파생형)(합성)
45688,한국투자 ACE 미국달러SOFR금리특별자산상장지수투자신탁(금리-파생형)(합성)
45748,한국투자 ACE 테슬라밸류체인액티브증권상장지수투자신탁(주식)
45769,삼성 KODEX 33-06 국고채액티브증권상장지수투자신탁[채권]
45770,삼성 KODEX 53-09 국고채액티브증권상장지수투자신탁[채권]
45793,BNK BNK 미래전략기술액티브증권상장지수투자신탁(주식)
45799,한화 PLUS 태양광&ESS증권상장지수투자신탁(주식)
45803,우리 WON 국공채머니마켓액티브증권상장지수투자신탁(채권)
45821,키움 KIWOOM CD금리액티브특별자산상장지수투자신탁[금리-파생형](합성)
45825,미래에셋 TIGER 미국30년국채스트립액티브증권상장지수투자신탁(채권-파생형)(합성 H)
45826,미래에셋 TIGER 미국투자등급회사채액티브증권상장지수투자신탁(채권)(H)
45873,미래에셋 TIGER 미국배당다우존스증권상장지수투자신탁(주식)
45875,미래에셋TIGER 미국배당다우존스타겟커버드콜1호증권상장지수투자신탁(주식-파생형)
45876,미래에셋TIGER미국배당다우존스타켓커버드콜2호증권상장지수투자신탁(주식-파생형)
45937,신한SOL유럽탄소배출권선물인버스ICE특별자산상장지수투자신탁[탄소배출권-파생형](H)
45956,삼성 KODEX 테슬라밸류체인FactSet증권상장지수투자신탁[주식-파생형]
45958,삼성 KODEX CD금리액티브증권상장지수투자신탁[채권혼합-파생형](합성)
45975,KB RISE 글로벌주식분산액티브증권상장지수투자신탁(주식-재간접형)
45979,키움 KIWOOM 미국성장기업30액티브증권상장지수투자신탁[주식]
46027,키움 KIWOOM 미국달러SOFR금리액티브특별자산상장지수투자신탁[금리-파생형](합성)
46028,키움 KIWOOM Fn유전자혁신기술증권상장지수투자신탁[주식]
46066,KB RISE 미국S&P배당킹증권상장지수투자신탁(주식)
46096,한국투자 ACE 글로벌인컴TOP10증권상장지수투자신탁[혼합-재간접형]
46126,한국투자 ACE 25-06 회사채(AA-이상)액티브증권상장지수투자신탁(채권)
46127,한국투자 ACE 26-06 회사채(AA-이상)액티브증권상장지수투자신탁(채권)
46134,NH-Amundi HANARO 글로벌생성형AI액티브증권상장지수투자신탁(주식)
46145,삼성 KODEX 코스닥글로벌증권상장지수투자신탁[주식]
46146,한화 PLUS 국고채10년액티브증권상장지수투자신탁(채권)
46149,KB RISE 글로벌자산배분액티브 증권상장지수투자신탁(혼합-재간접형)
46150,NH-Amundi HANARO 종합채권(AA-이상)액티브증권상장지수투자신탁(채권)
46158,미래에셋 TIGER 코스닥글로벌증권상장지수투자신탁(주식)
46160,신한 SOL 미국30년국채액티브증권상장지수투자신탁[채권](H)
46190,한화 PLUS 미국테크TOP10증권상장지수투자신탁(주식)
46191,한화 PLUS 미국테크TOP10레버리지증권상장지수투자신탁(주식혼합-파생형)(합성)
46195,삼성 KODEX 2차전지핵심소재10증권상장지수투자신탁[주식]
46201,미래에셋 TIGER 2차전지소재Fn증권상장지수투자신탁(주식)
46233,삼성 KODEX 2차전지산업레버리지증권상장지수투자신탁[주식-파생형]
46234,에셋플러스 에셋플러스 글로벌다이나믹시니어액티브증권상장지수투자신탁(주식)
46254,신한 SOL 25-09 회사채(AA-이상)액티브증권상장지수투자신탁[채권]
46290,삼성액티브 KoAct 바이오헬스케어액티브증권상장지수투자신탁[주식]
46305,타임폴리오 TIME K바이오액티브증권상장지수투자신탁[주식]
46325,미래에셋 TIGER K방산&우주증권상장지수투자신탁(주식)
46329,하나 1Q 단기금융채액티브증권상장지수투자신탁(채권)
46330,KB RISE 중국본토CSI300증권상장지수투자신탁(주식)
46364,삼성 KODEX 미국S&P500유틸리티증권상장지수투자신탁[주식]
46368,삼성 KODEX 미국S&P500테크놀로지증권상장지수투자신탁[주식]
46369,삼성 KODEX 미국S&P500커뮤니케이션증권상장지수투자신탁[주식]
46406,NH-Amundi HANARO 글로벌 반도체 TOP10 SOLACTIVE 증권상장지수투자신탁(주식)
46423,키움 히어로즈 24-09 회사채(AA-이상)액티브증권상장지수투자신탁[채권]
46424,키움 KIWOOM 26-09회사채(AA-이상)액티브증권상장지수투자신탁[채권]
46431,미래에셋 TIGER 글로벌AI&로보틱스INDXX증권상장지수투자신탁(주식)
46447,한화 PLUS 미국채30년액티브증권상장지수투자신탁(채권)
46454,KB RISE 25-03 회사채(AA-이상)액티브증권상장지수투자신탁(채권)
46460,신한 SOL 자동차소부장Fn증권상장지수투자신탁[주식]
46461,신한 SOL 의료기기소부장Fn증권상장지수투자신탁[주식]
46492,한화 PLUS 일본반도체소부장증권상장지수투자신탁(주식)
46493,미래에셋 TIGER 글로벌혁신블루칩TOP10증권상장지수투자신탁(주식)
46533,KB RISE 2차전지TOP10 iSelect증권상장지수투자신탁(주식)
46535,KB RISE 2차전지TOP10인버스iSelect증권상장지수투자신탁(주식-파생형)(합성)
46558,한국투자 ACE 미국빅테크TOP7 Plus증권상장지수투자신탁(주식)
46561,한국투자 ACE 미국빅테크TOP7 Plus레버리지증권상장지수투자신탁(주식-파생형)(합성)
46562,한국투자 ACE 미국빅테크TOP7 Plus인버스증권상장지수투자신탁(주식-파생형)(합성)
46566,미래에셋 TIGER 일본반도체FACTSET증권상장지수투자신탁(주식)
46567,미래에셋 TIGER 미국캐시카우100증권상장지수투자신탁(주식)
46568,삼성 KODEX 24-12 은행채(AA+이상)액티브증권상장지수투자신탁[채권]
46578,DB 마이티 26-09 특수채(AAA)액티브증권상장지수투자신탁[채권]
46640,하나 1Q 25-08 회사채(A+이상)액티브증권상장지수투자신탁(채권)
46681,BNK BNK 2차전지양극재증권상장지수투자신탁(주식)
46692,신한 SOL 조선TOP3플러스증권상장지수투자신탁[주식]
46693,신한 SOL 자동차TOP3플러스증권상장지수투자신탁[주식]
46694,미래에셋 TIGER 은행고배당플러스TOP10증권상장지수투자신탁(주식)
46695,미래에셋 TIGER 글로벌AI액티브증권상장지수투자신탁(주식)
46754,키움 KIWOOM 코스닥글로벌증권상장지수투자신탁[주식]
46762,키움 KIWOOM 25-09미국달러채권(AA-이상)액티브증권상장지수투자신탁[채권]
46794,삼성 KODEX 25-11 회사채(A+이상)액티브증권상장지수투자신탁[채권]
46837,삼성KODEX iShares미국인플레이션국채액티브증권상장지수투자신탁[채권-재간접형]
46838,삼성 KODEX iShares미국하이일드액티브증권상장지수투자신탁[채권-재간접형]
46863,삼성KODEX iShares미국투자등급회사채액티브증권상장지수투자신탁[채권-재간접형]
46882,우리 WON 25-09 회사채(AA-이상)액티브증권상장지수투자신탁(채권)
46905,KB RISE 미국반도체NYSE증권상장지수투자신탁(주식)(H)
46906,KB RISE 미국반도체NYSE증권상장지수투자신탁(주식)
46907,KB RISE AI&로봇증권상장지수투자신탁(주식)
46915,한국투자 ACE AI반도체TOP3+증권상장지수투자신탁(주식)
46916,한국투자 ACE 일본반도체증권상장지수투자신탁(주식)
46917,한국투자 ACE 포스코그룹포커스증권상장지수투자신탁(주식)
46953,KB RISE 미국달러선물인버스특별자산상장지수투자신탁(미국달러-파생형)
46958,KB RISE KP달러채권액티브증권상장지수투자신탁(채권)
46979,키움 KIWOOM 코리아테크TOP10증권상장지수투자신탁[주식]
46982,신한 SOL 24-12 회사채(AA-이상)액티브증권상장지수투자신탁[채권]
46983,신한 SOL 초단기채권액티브증권상장지수투자신탁[채권]
47026,미래에셋 TIGER 24-12 금융채(AA-이상)증권상장지수투자신탁(채권)
47031,현대 UNICORN 생성형AI강소기업액티브증권상장지수투자신탁[주식]
47032,BNK BNK 24-11 회사채(AA-이상)액티브증권상장지수투자신탁(채권)
47104,삼성액티브 KoAct 글로벌AI&로봇액티브증권상장지수투자신탁[주식]
47123,삼성 KODEX 국고채10년액티브증권상장지수투자신탁[채권]
47129,NH-Amundi HANARO CD금리액티브특별자산상장지수투자신탁(금리-파생형)(합성)
47146,키움 KIWOOM 국고채30년액티브증권상장지수투자신탁[채권]
47176,미래에셋 TIGER AI반도체핵심공정증권상장지수투자신탁(주식)
47178,미래에셋TIGER 코리아테크액티브증권상장지수투자신탁(주식)
47199,삼성 KODEX AI반도체핵심장비증권상장지수투자신탁[주식]
47215,미래에셋TIGER배당커버드콜액티브증권상장지수투자신탁(주식)
47216,미래에셋 TIGER 미국테크TOP10 INDXX증권상장지수투자신탁(주식)(H)
47217,미래에셋 TIGER 미국테크TOP10채권혼합증권상장지수투자신탁(채권혼합)
47235,하나 1Q 차이나H증권상장지수투자신탁[주식](H)
47249,NH-Amundi HANARO 미국애그테크iSelect증권상장지수투자신탁(주식)
47272,트러스톤 TRUSTON 주주가치액티브증권상장지수투자신탁[주식]
47283,KB RISE 미국30년국채커버드콜증권상장지수투자신탁(채권-파생형)(합성)
47284,IBK ITF 200증권상장지수투자신탁[주식]
47287,KB RISE 미국30년국채엔화노출증권상장지수투자신탁(채권-파생형)(합성 H)
47292,흥국 HK 종합채권(AA-이상)액티브증권상장지수투자신탁[채권]
47329,삼성 KODEX 26-12 회사채(AA-이상)액티브증권상장지수투자신탁[채권]
47333,신한 SOL 미국30년국채커버드콜증권상장지수투자신탁[채권-파생형](합성)
47338,NH-Amundi HANARO K-메디테크 증권상장지수투자신탁(주식)
47344,한국투자 ACE 11월만기자동연장회사채AA-이상액티브증권상장지수투자신탁(채권)
47346,삼성 KODEX 미국서학개미증권상장지수투자신탁[주식]
47349,키움 KIWOOM 글로벌AI반도체증권상장지수투자신탁[주식]
47350,키움 KIWOOM 글로벌전력반도체증권상장지수투자신탁[주식]
47359,한국투자 ACE 미국주식베스트셀러증권상장지수투자신탁(주식)
47364,NH-Amundi HANARO 글로벌금채굴기업증권상장지수투자신탁[주식]
47422,미래에셋TIGER미국테크TOP10타겟커버드콜증권상장지수투자신탁(주식-파생형)
47439,신한 SOL 국고채30년액티브증권상장지수투자신탁[채권]
47459,우리 WON 반도체밸류체인액티브증권상장지수투자신탁(주식)
47480,키움 KIWOOM 미국원유에너지기업증권상장지수투자신탁[주식]
47492,에셋플러스 에셋플러스 차이나일등기업 포커스10액티브증권상장지수투자신탁(주식)
47505,한국투자 ACE KPOP포커스증권상장지수투자신탁(주식)
47507,삼성액티브 KoAct 글로벌친환경전력인프라액티브증권상장지수투자신탁[주식]
47508,삼성 KODEX 테슬라커버드콜채권혼합액티브증권상장지수투자신탁[채권혼합-파생형]
47526,한국투자 ACE 2월만기자동연장회사채AA-이상액티브증권상장지수투자신탁(채권)
47527,한국투자 ACE 5월만기자동연장회사채AA-이상액티브증권상장지수투자신탁(채권)
47528,한국투자 ACE 8월만기자동연장회사채AA-이상액티브증권상장지수투자신탁(채권)
47530,신한 SOL 반도체전공정증권상장지수투자신탁[주식]
47531,신한 SOL 반도체후공정증권상장지수투자신탁[주식]
47535,KB RISE 버크셔포트폴리오TOP10증권상장지수투자신탁(주식)
47538,KB RISE 글로벌리얼티인컴 부동산상장지수투자신탁(재간접형)
47563,미래에셋 TIGER CD1년금리액티브증권상장지수투자신탁(채권혼합-파생형)(합성)
47572,KB RISE 200위클리커버드콜 증권상장지수투자신탁(주식-파생형)
47600,현대 UNICORN 포스트IPO액티브증권상장지수투자신탁[주식]
47603,신한 SOL 미국나스닥100증권상장지수투자신탁[주식]
47607,삼성 KODEX 글로벌비만치료제TOP2 Plus증권상장지수투자신탁[주식]
47626,NH-Amundi HANARO 반도체핵심공정주도주 증권상장지수투자신탁(주식)
47631,KB RISE 글로벌비만산업TOP2+증권상장지수투자신탁(주식)
47645,키움 KIWOOM 머니마켓액티브증권상장지수투자신탁[채권]
47655,미래에셋TIGER미국30년국채커버드콜액티브증권상장지수투자신탁(채권-재간접형)(H)
47669,미래에셋 TIGER 글로벌비만치료제TOP2 Plus INDXX증권상장지수투자신탁(주식)
47675,한국투자 ACE 미국30년국채엔화노출액티브증권상장지수투자신탁[채권](H)
47676,한국투자 ACE 미국30년국채액티브증권상장지수투자신탁[채권]
47680,삼성 KODEX 한국부동산리츠인프라부동산상장지수투자신탁[재간접형]
47681,삼성 KODEX 25-11 은행채(AA-이상)PLUS액티브증권상장지수투자신탁[채권]
47685,삼성액티브 KoAct 배당성장액티브증권상장지수투자신탁[주식]
47705,한화 PLUS 머니마켓액티브증권상장지수투자신탁(채권)
47708,KB RISE CD금리액티브특별자산상장지수투자신탁(금리-파생형)(합성)
47749,에셋플러스 에셋플러스 글로벌일등기업 포커스10액티브증권상장지수투자신탁(주식)
47773,삼성 KODEX 인도타타그룹증권상장지수투자신탁[주식-파생형]
47815,타임폴리오 TIME 글로벌우주테크&방산액티브증권상장지수투자신탁(주식)
47908,하나 1Q 머니마켓액티브증권상장지수투자신탁[채권]
47952,KB RISE KOFR금리액티브증권상장지수투자신탁(채권혼합-파생형)(합성)
47962,신한 SOL 미국AI반도체칩메이커증권상장지수투자신탁[주식]
47973,미래에셋 TIGER 인도빌리언컨슈머증권상장지수투자신탁(주식)
47985,NH-Amundi HANARO K-뷰티증권상장지수투자신탁(주식)
48002,한국투자 ACE 미국빅테크7+데일리타겟커버드콜증권상장지수투자신탁(주식-파생형)합성
48003,한국투자 ACE 미국500데일리타겟커버드콜증권상장지수투자신탁(주식-파생형)(합성)
48004,한국투자 ACE 미국반도체데일리타겟커버드콜증권상장지수투자신탁(주식-파생형)(합성)
48026,미래에셋 TIGER 27-04회사채(A+이상)액티브증권상장지수투자신탁(채권)
48031,미래에셋 TIGER 글로벌온디바이스AI증권상장지수투자신탁(주식)
48046,우리 WON 한국부동산TOP3플러스부동산상장지수투자신탁(재간접형)
48106,삼성 KODEX 미국30년국채타겟커버드콜증권상장지수투자신탁[채권-파생형](합성 H)
48118,신한 SOL 미국AI소프트웨어증권상장지수투자신탁[주식]
48119,신한 SOL 미국테크TOP10증권상장지수투자신탁[주식]
48120,신한 SOL 미국테크TOP10인버스증권상장지수투자신탁[주식혼합-파생형](합성)
48134,KB RISE 미국30년국채액티브증권상장지수투자신탁(채권)
48143,KB RISE 국고채10년액티브증권상장지수투자신탁(채권)
48203,삼성액티브 KoAct 반도체&2차전지핵심소재액티브상장지수투자신탁[주식]
48273,미래에셋TIGER미국S&P500타겟데일리커버드콜증권상장지수투자신탁(주식)
48287,NH-Amundi HANARO 주주가치성장코리아액티브 증권상장지수투자신탁(주식)
48302,키움 KIWOOM 의료AI증권상장지수투자신탁[주식]
48303,키움 KIWOOM 미국블록버스터바이오테크의약품+증권상장지수투자신탁[주식]
48323,KB RISE 25-06 은행채(AA+이상)액티브증권상장지수투자신탁(채권)
48324,미래에셋 TIGER 미국나스닥100ETF선물증권상장지수투자신탁(주식-파생형)
48328,삼성 KODEX 미국AI테크TOP10타겟커버드콜증권상장지수투자신탁[주식-파생형]
48329,삼성 KODEX 미국배당다우존스타겟커버드콜증권상장지수투자신탁[주식-파생형]
48332,한국투자 ACE 엔비디아밸류체인액티브증권상장지수투자신탁(주식)
48333,한국투자 ACE 마이크로소프트밸류체인액티브증권상장지수투자신탁(주식)
48334,한국투자 ACE 구글밸류체인액티브증권상장지수투자신탁(주식)
48342,한국투자 ACE 애플밸류체인액티브증권상장지수투자신탁(주식)
48357,케이씨지아이 KCGI 미국S&P500 TOP10 증권상장지수투자신탁[주식]
48479,삼성 KODEX 미국30년국채액티브증권상장지수투자신탁[채권-재간접형](H)
48488,신한 SOL 금융지주플러스고배당증권상장지수투자신탁[주식]
48489,신한 SOL 머니마켓액티브증권상장지수투자신탁[채권]
48554,삼성 KODEX 미국AI테크TOP10증권상장지수투자신탁[주식]
48569,KB RISE 미국AI밸류체인TOP3Plus증권상장지수투자신탁(주식)
48581,타임폴리오 TIME 글로벌바이오액티브증권상장지수투자신탁[주식]
48601,NH-Amundi HANARO 차이나인터넷 증권상장지수투자신탁(주식)
48624,대신 DAISHIN343 AI반도체&인프라액티브증권상장지수투자신탁[주식]
48629,미래에셋TIGER미국나스닥100타겟데일리커버드콜증권상장지수투자신탁(주식)
48645,신한 SOL 미국AI전력인프라증권상장지수투자신탁[주식]
48678,NH-Amundi HANARO 200선물레버리지1.5X증권상장지수투자신탁(주식-파생형)
48679,NH-Amundi HANARO 코스닥150선물레버리지1.5X증권상장지수투자신탁(주식-파생형)
48682,NH-Amundi HANARO K-로보틱스증권상장지수투자신탁(주식)
48683,NH-Amundi HANARO 머니마켓액티브증권상장지수투자신탁(채권)
48713,삼성액티브 KoAct AI인프라액티브증권상장지수투자신탁[주식]
48723,삼성 KODEX 미국AI전력핵심인프라증권상장지수투자신탁[주식]
48724,삼성 KODEX AI전력핵심설비증권상장지수투자신탁[주식]
48734,한국투자 ACE 머니마켓액티브 증권상장지수투자신탁(채권)
48775,BNK BNK 온디바이스AI증권상장지수투자신탁(주식)
48791,한국투자 ACE 인도컨슈머파워액티브증권상장지수투자신탁(주식)
48792,한국투자 ACE 인도시장대표BIG5그룹액티브증권상장지수투자신탁(주식)
48795,삼성 KODEX 대만테크고배당다우존스증권상장지수투자신탁[주식]
48808,미래에셋 TIGER 반도체TOP10레버리지증권상장지수투자신탁(주식-파생형)
48820,키움 KIWOOM K-2차전지북미공급망증권상장지수투자신탁[주식]
48821,키움 KIWOOM K-반도체북미공급망증권상장지수투자신탁[주식]
48829,마이다스 MIDAS 일본테크액티브증권상장지수투자신탁(주식)
48848,KB RISE 일본섹터TOP4Plus증권상장지수투자신탁(주식)
48850,미래에셋 TIGER 미국S&P500동일가중증권상장지수투자신탁(주식)
48872,우리 WON 종합채권(AA-이상)액티브증권상장지수투자신탁(채권)
48877,삼성 KODEX 머니마켓액티브증권상장지수투자신탁[채권]
48898,신한 SOL 26-12회사채(AA-이상)액티브증권상장지수투자신탁[채권]
48900,한화 PLUS 일본엔화초단기국채증권상장지수투자신탁(채권-파생형)(합성)
48901,한화 PLUS 글로벌AI인프라증권상장지수투자신탁(주식)
48903,한화 PLUS 고배당주위클리커버드콜증권상장지수투자신탁(주식-파생형)
48925,삼성 KODEX 미국배당다우존스증권상장지수투자신탁[주식]
48929,우리 WON 미국빌리어네어증권상장지수투자신탁(주식)
48957,NH-Amundi HANARO 25-12 은행채(AA+이상)액티브증권상장지수투자신탁(채권)
48986,키움 KIWOOM 글로벌전력GRID인프라증권상장지수투자신탁[주식]
48987,키움 KIWOOM 25-09회사채(AA-이상)액티브증권상장지수투자신탁[채권]
49009,미래에셋 TIGER 미국AI빅테크10증권상장지수투자신탁(주식)
49033,삼성액티브 KoAct 미국치매&뇌질환치료제액티브증권상장지수투자신탁[주식]
49048,신한 SOL K방산증권상장지수투자신탁[주식]
49049,신한 SOL 미국배당미국채혼합50증권상장지수투자신탁[채권혼합]
49059,KB RISE 미국AI밸류체인데일리고정커버드콜증권상장지수투자신탁(주식-파생형)
49060,KB RISE 미국배당100데일리고정커버드콜증권상장지수투자신탁(주식)
49101,미래에셋 TIGER 글로벌AI인프라액티브증권상장지수투자신탁(주식)
49108,삼성 KODEX 25-12 은행채(AAA)액티브증권상장지수투자신탁[채권]
49109,삼성 KODEX 미국테크TOP3플러스증권상장지수투자신탁[주식]
49122,한화 PLUS 200 Total Return증권상장지수투자신탁(주식)
49123,한화 PLUS 국공채머니마켓액티브증권상장지수투자신탁(채권)
49151,교보악사 파워 K-주주가치액티브증권상장지수투자신탁[주식]
49161,하나 1Q CD금리액티브증권상장지수투자신탁(채권혼합-파생형)(합성)
49162,KB RISE 미국테크100데일리고정커버드콜증권상장지수투자신탁(주식-파생형)
49163,KB RISE 미국반도체인버스증권상장지수투자신탁(주식-파생형)(합성 H)
49170,흥국 HK 200증권상장지수투자신탁[주식]
49182,NH-Amundi HANARO 전력설비투자증권상장지수투자신탁(주식)
49183,미래에셋 TIGER 미국AI반도체팹리스증권상장지수투자신탁(주식)
49250,하나 1Q 현대차그룹채권(A+이상)&국고통안 증권상장지수투자신탁(채권)
49342,신한 SOL 미국배당다우존스2호증권상장지수투자신탁[주식]
49381,미래에셋 TIGER 미국AI빅테크10타겟데일리커버드콜증권상장지수투자신탁(주식)
49418,타임폴리오 TIME 글로벌소비트렌드액티브증권상장지수투자신(주식)
49421,신한 SOL 미국500타겟데일리커버드콜액티브증권상장지수투자신탁[주식-파생형]
49422,현대 UNICORN SK하이닉스밸류체인액티브증권상장지수투자신탁[주식]
49430,삼성 KODEX 미국나스닥100데일리커버드콜OTM증권상장지수투자신탁[주식-파생형]
49431,삼성 KODEX 반도체레버리지증권상장지수투자신탁[주식-파생형]
49433,한국투자 ACE 라이프자산주주가치액티브증권상장지수투자신탁(주식)
49434,한국투자 ACE 글로벌AI맞춤형반도체증권상장지수투자신탁(주식)
49441,한화 PLUS 미국S&P500성장주증권상장지수투자신탁(주식)
49442,한화 PLUS 미국배당증가성장주데일리커버드콜증권상장지수투자신탁(주식-파생형)
49467,미래에셋 TIGER 조선TOP10증권상장지수투자신탁(주식)
49484,미래에셋 TIGER 미국방산TOP10증권상장지수투자신탁(주식)
49489,삼성 KODEX 200액티브증권상장지수투자신탁[주식-파생형]
49490,미래에셋 TIGER 25-12 금융채(AA-이상)증권상장지수투자신탁(채권)
49504,한화 PLUS 코리아밸류업증권상장지수투자신탁(주식)
49505,KB RISE 코리아밸류업증권상장지수투자신탁(주식)
49506,타임폴리오 TIME 코리아밸류업액티브증권상장지수투자신탁(주식)
49523,삼성액티브 KoAct 코리아밸류업액티브증권상장지수투자신탁[주식]
49533,하나 1Q 코리아밸류업증권상장지수투자신탁(주식)
49555,신한 SOL 코리아밸류업TotalReturn증권상장지수투자신탁[주식]
49571,BNK BNK 26-06 특수채(AAA이상)액티브증권상장지수투자신탁(채권)
49575,NH-Amundi HANARO 코리아밸류업증권상장지수투자신탁(주식)
49585,삼성 KODEX 코리아밸류업증권상장지수투자신탁[주식]
49594,KB RISE 미국AI테크액티브증권상장지수투자신탁(주식)
49602,우리 WON 전단채플러스액티브증권상장지수투자신탁(채권)
49608,미래에셋 TIGER 코리아밸류업증권상장지수투자신탁(주식)
49609,키움 KIWOOM 코리아밸류업증권상장지수투자신탁[주식]
49612,한국투자 ACE 코리아밸류업증권상장지수투자신탁(주식)
49613,트러스톤 TRUSTON 코리아밸류업액티브증권상장지수투자신탁[주식]
49677,한화 PLUS 글로벌방산증권상장지수투자신탁(주식)
49751,한국투자 ACE 글로벌빅파마증권상장지수투자신탁(주식)
49752,한국투자 ACE 일라이릴리밸류체인증권상장지수투자신탁(주식)
49757,미래에셋 TIGER 미국필라델피아AI반도체나스닥증권상장지수투자신탁(주식)
49778,삼성액티브 KoAct 미국천연가스인프라액티브증권상장지수투자신탁[주식]
49788,신한 SOL CD금리&머니마켓액티브증권상장지수투자신탁[채권]
49805,NH-Amundi HANARO 바이오코리아액티브증권상장지수투자신탁(주식)
49818,교보악사 파워 종합채권(AA-이상)액티브증권상장지수투자신탁[채권]
49827,키움 KIWOOM 미국양자컴퓨팅증권상장지수투자신탁[주식]
49828,키움 KOSEF 미국테크Top3 Plus증권상장지수투자신탁[주식]
49840,삼성 KODEX 200타겟위클리커버드콜증권상장지수투자신탁[주식-파생형]
49841,삼성 KODEX 금융고배당TOP10타겟위클리커버드콜증권상장지수투자신탁[주식-파생형]
49861,KB RISE 인도디지털성장증권상장지수투자신탁(주식-파생형)
49886,KB RISE 코리아금융고배당증권상장지수투자신탁(주식)
49915,신한 SOL 미국S&P500엔화노출증권상장지수투자신탁[주식-파생형](H)
49966,미래에셋 TIGER CD금리플러스액티브증권상장지수투자신탁(채권혼합-파생형)(합성)
0193G,삼성액티브 KoAct 코스피액티브증권상장지수투자신탁[주식]
0005C,KB RISE 미국S&P500엔화노출증권상장지수투자신탁(주식-파생형)(합성 H)
0193K,한화 PLUS 삼성전자단일종목레버리지증권상장지수투자신탁(주식-파생형)
0193L,한화 PLUS 삼성전자선물단일종목인버스2X증권상장지수투자신탁(주식-파생형)
0193M,BNK BNK 27-12 특수채(AAA이상)액티브증권상장지수투자신탁(채권)
0193T,삼성 KODEX SK하이닉스단일종목레버리지증권상장지수투자신탁[주식-파생형]
0193W,삼성 KODEX 삼성전자단일종목레버리지증권상장지수투자신탁[주식-파생형]
0194M,한국투자 ACE 삼성전자단일종목레버리지 증권상장지수투자신탁(주식-파생형)
0194N,키움 KIWOOM 삼성전자선물단일종목레버리지증권상장지수투자신탁[주식-파생형]
0194R,키움 KIWOOM SK하이닉스선물단일종목레버리지증권상장지수투자신탁[주식-파생형]
0194T,한국투자 ACE SK하이닉스단일종목레버리지 증권상장지수투자신탁(주식-파생형)
0195R,미래에셋TIGER삼성전자단일종목레버리지증권상장지수투자신탁(주식-파생형)
0195S,미래에셋TIGERSK하이닉스단일종목레버리지증권상장지수투자신탁(주식-파생형)
0197W,신한 SOL SK하이닉스단일종목레버리지증권상장지수투자신탁[주식-파생형]
0197X,신한 SOL SK하이닉스선물단일종목인버스2X증권상장지수투자신탁[주식-파생형]
0198A,키움 KIWOOM 코스닥150커버드콜액티브증권상장지수투자신탁[주식-파생형]
0198B,하나 1Q 삼성전자선물단일종목레버리지증권상장지수투자신탁(주식-파생형)
0198D,하나 1Q SK하이닉스선물단일종목레버리지증권상장지수투자신탁(주식-파생형)
0199C,한국투자 ACE 고배당주Plus커버드콜액티브증권상장지수투자신탁(주식-파생형)
